lambda,strain_mean,strain_median,strain_std,strain_sem,strain_q25,strain_q75,straightening_fraction_mean,straightening_fraction_median,length_x_mean,length_x_std,area_mean,rest_length_mean,rest_length_std,geometric_max_length
0.0,0.0,0.0,0.0,0.0,0.0,0.0,0.0,0.0,2.5277779837992105,0.0,2.9749412110189932,2.5277779837992105,0.0,3.0988354441413195
1e-05,1.6030910429969864e-07,1.6030910429969864e-07,0.0,0.0,1.6030910429969864e-07,1.6030910429969864e-07,7.096060424612734e-07,7.096060424612734e-07,2.527778389025035,0.0,2.9749439949827385,2.5277779837992105,0.0,3.0988354441413195
2.1544346900318823e-05,3.45374738175625e-07,3.45374738175625e-07,0.0,0.0,3.45374738175625e-07,3.45374738175625e-07,1.5287965221533862e-06,1.5287965221533862e-06,2.52777885682987,0.0,2.974947208875721,2.5277779837992105,0.0,3.0988354441413195
4.641588833612782e-05,7.440838736906352e-07,7.440838736906352e-07,0.0,0.0,7.440838736906352e-07,7.440838736906352e-07,3.2936770196267532e-06,3.2936770196267532e-06,2.5277798646780445,0.0,2.9749541329582354,2.5277779837992105,0.0,3.0988354441413195
0.0001,1.603064013367909e-06,1.603064013367909e-06,0.0,0.0,1.603064013367909e-06,1.603064013367909e-06,7.095940778331865e-06,7.095940778331865e-06,2.52778203598913,0.0,2.97496905025275,2.5277779837992105,0.0,3.0988354441413195
0.00021544346900318823,3.453622584538924e-06,3.453622584538924e-06,0.0,0.0,3.453622584538924e-06,3.453622584538924e-06,1.528741280837003e-05,1.528741280837003e-05,2.527786713790344,0.0,2.975001187724131,2.5277779837992105,0.0,3.0988354441413195
0.00046415888336127773,7.4402600879127435e-06,7.4402600879127435e-06,0.0,0.0,7.4402600879127435e-06,7.4402600879127435e-06,3.2934208814466274e-05,3.2934208814466274e-05,2.5277967911248544,0.0,2.975070421778504,2.5277779837992105,0.0,3.0988354441413195
0.001,1.602795680921446e-05,1.602795680921446e-05,0.0,0.0,1.602795680921446e-05,1.602795680921446e-05,7.094753008452979e-05,7.094753008452979e-05,2.527818498915558,0.0,2.975219563328728,2.5277779837992105,0.0,3.0988354441413195
0.002154434690031882,3.452377287552993e-05,3.452377287552993e-05,0.0,0.0,3.452377287552993e-05,3.452377287552993e-05,0.00015281900518411605,0.00015281900518411605,2.527865252232203,0.0,2.9755407922940313,2.5277779837992105,0.0,3.0988354441413195
0.004641588833612777,7.434482766782274e-05,7.434482766782274e-05,0.0,0.0,7.434482766782274e-05,7.434482766782274e-05,0.0003290863558204551,0.0003290863558204551,2.5279659110177986,0.0,2.9762324566371148,2.5277779837992105,0.0,3.0988354441413195
0.01,0.00016001170257482015,0.00016001170257482015,0.0,0.0,0.00016001170257482015,0.00016001170257482015,0.0007082895978218121,0.0007082895978218121,2.5281824578581293,0.0,2.9777207365600287,2.5277779837992105,0.0,3.0988354441413195
0.021544346900318822,0.0003439973453029866,0.0003439973453029866,0.0,0.0,0.0003439973453029866,0.0003439973453029866,0.0015226995115716288,0.0015226995115716288,2.5286475327151527,0.0,2.980918502668338,2.5277779837992105,0.0,3.0988354441413195
0.046415888336127774,0.0007377201364207902,0.0007377201364207902,0.0,0.0,0.0007377201364207902,0.0007377201364207902,0.003265508024240965,0.003265508024240965,2.5296427765182603,0.0,2.987768037640386,2.5277779837992105,0.0,3.0988354441413195
0.1,0.0015738175490987985,0.0015738175490987985,0.0,0.0,0.0015738175490987985,0.0015738175490987985,0.006966481707016803,0.006966481707016803,2.5317562451503393,0.0,3.002342353928933,2.5277779837992105,0.0,3.0988354441413195
0.21544346900318823,0.0033207023898037774,0.0033207023898037774,0.0,0.0,0.0033207023898037774,0.0033207023898037774,0.014699043396905693,0.014699043396905693,2.536171982190906,0.0,3.032917566561871,2.5277779837992105,0.0,3.0988354441413195
0.46415888336127725,0.006849944975609839,0.006849944975609839,0.0,0.0,0.006849944975609839,0.006849944975609839,0.0303211870994723,0.0303211870994723,2.545093123898793,0.0,3.0951835645182233,2.5277779837992105,0.0,3.0988354441413195
1.0,0.013523188529937091,0.013523188529937091,0.0,0.0,0.013523188529937091,0.013523188529937091,0.059860207791107865,0.059860207791107865,2.5619616020359515,0.0,3.214543823258004,2.5277779837992105,0.0,3.0988354441413195
2.154434690031882,0.024735000411772064,0.024735000411772064,0.0,0.0,0.024735000411772064,0.024735000411772064,0.10948913868086867,0.10948913868086867,2.5903025732693523,0.0,3.4183561798224966,2.5277779837992105,0.0,3.0988354441413195
4.641588833612772,0.04059983670823191,0.04059983670823191,0.0,0.0,0.04059983670823191,0.04059983670823191,0.17971461806212924,0.17971461806212924,2.630405357176122,0.0,3.7044702423086693,2.5277779837992105,0.0,3.0988354441413195
10.0,0.05965677173282201,0.05965677173282201,0.0,0.0,0.05965677173282201,0.05965677173282201,0.26406987850298264,0.26406987850298264,2.678577057969973,0.0,4.010587745982356,2.5277779837992105,0.0,3.0988354441413195
21.54434690031882,0.08138094160880555,0.08138094160880555,0.0,0.0,0.08138094160880555,0.08138094160880555,0.3602316172812965,0.3602316172812965,2.7334909362987982,0.0,4.255905517675214,2.5277779837992105,0.0,3.0988354441413195
46.41588833612773,0.10720918246904662,0.10720918246904662,0.0,0.0,0.10720918246904662,0.10720918246904662,0.4745599697515852,0.4745599697515852,2.798778994905579,0.0,4.411993506109426,2.5277779837992105,0.0,3.0988354441413195
100.0,0.13834879403039457,0.13834879403039457,0.0,0.0,0.13834879403039457,0.13834879403039457,0.6123990314839697,0.6123990314839697,2.8774930194344135,0.0,4.496055189201422,2.5277779837992105,0.0,3.0988354441413195
215.44346900318823,0.1723504445657076,0.1723504445657076,0.0,0.0,0.1723504445657076,0.1723504445657076,0.7629068693196034,0.7629068693196034,2.9634416430704125,0.0,4.520007971372964,2.5277779837992105,0.0,3.0988354441413195
464.1588833612773,0.2007317497356362,0.2007317497356362,0.0,0.0,0.2007317497356362,0.2007317497356362,0.8885363257968084,0.8885363257968084,3.0351832814304447,0.0,4.474312128056663,2.5277779837992105,0.0,3.0988354441413195
1000.0,0.21690224435746422,0.21690224435746422,0.0,0.0,0.21690224435746422,0.21690224435746422,0.9601147975458908,0.9601147975458908,3.076058701722645,0.0,4.37826239266812,2.5277779837992105,0.0,3.0988354441413195
2154.434690031878,0.2233120841306558,0.2233120841306558,0.0,0.0,0.2233120841306558,0.2233120841306558,0.9884878650278348,0.9884878650278348,3.0922613535809993,0.0,4.28349430668256,2.5277779837992105,0.0,3.0988354441413195
4641.588833612773,0.22525913405348935,0.22525913405348935,0.0,0.0,0.22525913405348935,0.22525913405348935,0.9971064546971617,0.9971064546971617,3.097183063509296,0.0,4.218550799226082,2.5277779837992105,0.0,3.0988354441413195
10000.0,0.22576077728944813,0.22576077728944813,0.0,0.0,0.22576077728944813,0.22576077728944813,0.9993269715726768,0.9993269715726768,3.0984511062368743,0.0,4.181941684361706,2.5277779837992105,0.0,3.0988354441413195
21544.34690031878,0.22587883772223483,0.22587883772223483,0.0,0.0,0.22587883772223483,0.22587883772223483,0.9998495644525198,0.9998495644525198,3.0987495367996303,0.0,4.16327597450563,2.5277779837992105,0.0,3.0988354441413195
46415.888336127726,0.22590537283281095,0.22590537283281095,0.0,0.0,0.22590537283281095,0.22590537283281095,0.9999670217540527,0.9999670217540527,3.0988166116679423,0.0,4.154217764708451,2.5277779837992105,0.0,3.0988354441413195
100000.0,0.22591120484576413,0.22591120484576413,0.0,0.0,0.22591120484576413,0.22591120484576413,0.9999928370790735,0.9999928370790735,3.0988313537018866,0.0,4.149924638438538,2.5277779837992105,0.0,3.0988354441413195
215443.46900318778,0.22591247308936072,0.22591247308936072,0.0,0.0,0.22591247308936072,0.22591247308936072,0.9999984509418879,0.9999984509418879,3.098834559540128,0.0,4.147912452092038,2.5277779837992105,0.0,3.0988354441413195
464158.8833612772,0.2259127475137231,0.2259127475137231,0.0,0.0,0.2259127475137231,0.2259127475137231,0.9999996656775487,0.9999996656775487,3.0988352532239896,0.0,4.146974238457185,2.5277779837992105,0.0,3.0988354441413195
1000000.0,0.22591280675618397,0.22591280675618397,0.0,0.0,0.22591280675618397,0.22591280675618397,0.9999999279134859,0.9999999279134859,3.098835402975778,0.0,4.146537840890608,2.5277779837992105,0.0,3.0988354441413195
