lambda,structure_size_x_max,structure_size_x_min,structure_size_y_max,structure_size_y_min,area,thetas_mean,thetas_2_mean
0,1.0,0.0,1.0,1.0,1.0,0.0,0.0
1e-05,1.0000003862710773,3.1249987566024455e-07,1.000000312499848,0.9999999999999493,1.0000006987710461,2.4141945499356463e-08,1.2669121981667619e-14
1.778279410038923e-05,1.0000006868976743,5.557119224404403e-07,1.000000555711835,0.9999999999998397,1.000001242609891,4.293111465412463e-08,4.006325775111696e-14
3.1622776601683795e-05,1.0000012214943883,9.882098156832297e-07,1.0000009882095395,0.9999999999994933,1.0000022097051349,7.634343095941006e-08,1.26690829923106e-13
5.623413251903491e-05,1.0000021721548138,1.7573104649278394e-06,1.0000017573095914,0.9999999999983974,1.0000039294682224,1.3575977602779512e-07,4.006303849866859e-13
0.0001,1.0000038626870915,3.1249804689274405e-06,1.0000031249777066,0.9999999999949324,1.000006987676869,2.4141825995466827e-07,1.2668977896050385e-12
0.00017782794100389227,1.0000068689018549,5.557061394133892e-06,1.0000055570526591,0.999999999983975,1.0000124259926848,4.293073675268945e-07,4.0062447506558125e-12
0.00031622776601683794,1.000012214715849,9.881922381137189e-06,1.0000098818947596,0.9999999999493254,1.0000220967313131,7.634229077638623e-07,1.266864556435554e-11
0.0005623413251903491,1.0000217208270439,1.757254881139506e-05,1.000017572461468,0.9999999998397578,1.0000392936702003,1.3575617054802533e-06,4.0060578744014684e-11
0.001,1.0000386245907202,3.124804705242236e-05,1.000031247770867,0.9999999994932962,1.0000698735685196,2.414068589637286e-06,1.2667594757856503e-10
0.0017782794100389228,1.0000686818085516,5.5565056237796416e-05,1.0000555641829731,0.9999999983978132,1.0001242498077734,4.292713174483679e-06,4.005467038375471e-10
0.0031622776601683794,1.0001221243618976,9.880165123953531e-05,1.0000987988903531,0.9999999949342908,1.0002209353180023,7.633089243867973e-06,1.2664273001420717e-09
0.005623413251903491,1.0002171362005574,0.0001756699324212903,1.000175661205212,0.9999999839856007,1.0003928355481762,1.3572013538420722e-05,4.003599835754231e-09
0.01,1.000386018110607,0.00031230486474953046,1.000312277286442,0.9999999493848786,1.000698415941737,2.4129295940310258e-05,1.2653780525162614e-08
0.01778279410038923,1.0006860983379506,0.0005550956791901855,1.0005550085786992,0.999999840091723,1.0012414877071132,4.289114365941941e-05,3.997707045603682e-08
0.03162277660168379,1.001218970989163,0.0009862642344709712,1.0009859894141477,0.9999994951713168,1.0022061622958023,7.621725696458162e-05,1.2620718296656805e-07
0.05623413251903491,1.0021641944189643,0.0017511716671271423,1.0017503060539048,0.9999984083245843,1.0039182884754625,0.00013536173368103844,3.979189744484055e-07
0.1,1.0038376217289127,0.0031056441571619274,1.0031029260529698,0.9999949930727446,1.0069524556383265,0.0002401648650102771,1.251733006795516e-06
0.1778279410038923,1.006790234704312,0.005496337607947324,1.0054878485659795,0.999984312928403,1.0123153470500763,0.00042537329966518887,3.921779620223645e-06
0.31622776601683794,1.01196921879878,0.009692218502084677,1.0096659560273142,0.9999511942041422,1.0217508687686847,0.000751144088814857,1.2201562601769332e-05
0.5623413251903491,1.0209620960397114,0.016985168765408072,1.0169052440151236,0.9998499676251738,1.038221709403455,0.001319603131736517,3.750917065914762e-05
1.0,1.0363170818951004,0.029456090972711742,1.0292195626195069,0.9995479609514348,1.0665978137631988,0.002298572125433037,0.00011301958896727157
1.7782794100389228,1.0618406189969087,0.05022535344028602,1.049557109021239,0.9986812839985231,1.1144623703157184,0.003950001071652336,0.0003297634065405085
3.1622776601683795,1.1025919363309515,0.08343698286925591,1.0816844637081013,0.9963365845783956,1.1926565673390224,0.006653062972645849,0.0009165161376846343
5.623413251903491,1.1641252172682017,0.13351117469299204,1.1294164477838784,0.9904979450594177,1.314782167662688,0.010904626190483883,0.00238010289658817
10.0,1.2506334675581516,0.20317112200099113,1.195161406097167,0.9774340914175713,1.494708853598976,0.01728296516948929,0.00566872031297492
17.78279410038923,1.3620010342712323,0.29021933459236815,1.2785414029463238,0.9517051074737033,1.7413747131714854,0.02636521398729682,0.012209366830889641
31.622776601683793,1.4900369401668851,0.3842657986866177,1.375870927264434,0.9078108175883741,2.0500985065256723,0.038562112638118755,0.02360522063994544
56.23413251903491,1.616019421206482,0.46682404690975154,1.4795588641676976,0.843710047472845,2.3909958593132026,0.053845419846136736,0.040935084335106946
100.0,1.7159935968700228,0.518943002180995,1.577096624338163,0.7639025974454687,2.7062877090096156,0.07157543413347167,0.06399940924803485
