force,strain_relative_to_X0,local_exponent,linear_response_ratio,absolute_gradient_residual
3.906250000000000081e-06,3.543214702285383173e-06,1.000199361287792410e+00,9.998047842034117894e-01,1.212008856314337676e-17
4.072375291512700161e-06,3.693870136905744605e-06,1.000203597655314525e+00,9.997964843940162494e-01,6.218439442708242545e-18
4.245565571820330445e-06,3.850929994900912725e-06,1.000212252903764920e+00,9.997878319958446447e-01,7.269766148928439448e-18
4.426121301293589182e-06,4.014666412132904972e-06,1.000221277960520183e+00,9.997788118282640024e-01,1.038758854865311221e-17
4.614355718304265153e-06,4.185363078738112014e-06,1.000230685710675971e+00,9.997694083200752146e-01,7.461936748836758837e-18
4.810595382648997200e-06,4.363315727794563692e-06,1.000240494076194864e+00,9.997596052217397888e-01,1.138841091539327145e-17
5.015180742083798331e-06,4.548832645113818479e-06,1.000250720351687050e+00,9.997493854742124375e-01,7.957927479013355079e-18
5.228466722952286307e-06,4.742235201947946118e-06,1.000261379666824268e+00,9.997387313927157404e-01,8.880134600336474573e-18
5.450823345932106242e-06,4.943858409459985066e-06,1.000272493281670450e+00,9.997276246635969921e-01,7.595397377588514534e-18
5.682636367967864651e-06,5.154051494028328949e-06,1.000284080129887343e+00,9.997160458376564973e-01,1.130672517554243486e-17
5.924307951504340265e-06,5.373178502794510778e-06,1.000296156641269363e+00,9.997039750309500983e-01,7.905782013198012215e-18
6.176257362180727791e-06,5.601618928865884431e-06,1.000308746580600427e+00,9.996913914329179640e-01,9.604188951561291182e-18
6.438921696196653330e-06,5.839768364541913457e-06,1.000321873840135822e+00,9.996782731883587791e-01,9.639340818872344646e-18
6.712756638611539111e-06,6.088039183327699611e-06,1.000335558530082380e+00,9.996645975055203914e-01,6.638832482342392483e-18
6.998237253892979090e-06,6.346861251470678741e-06,1.000349823035435293e+00,9.996503408634307419e-01,7.685871084267114489e-18
7.295858810085741945e-06,6.616682665787399935e-06,1.000364695842961282e+00,9.996354786159973305e-01,1.099655229816975076e-17
7.606137638030965257e-06,6.897970524025871855e-06,1.000380201111823908e+00,9.996199848810023436e-01,9.156320280700579878e-18
7.929612027126281567e-06,7.191211731705323657e-06,1.000396363314507653e+00,9.996038330120829984e-01,6.632320916560375049e-18
8.266843159181049645e-06,7.496913836371695805e-06,1.000413213150494585e+00,9.995869951016335131e-01,1.096759435928549437e-17
8.618416081986491557e-06,7.815605899955405396e-06,1.000430779238797641e+00,9.995694419608639469e-01,8.156927282058912265e-18
8.984940724289906415e-06,8.147839409537384239e-06,1.000449090694786491e+00,9.995511433139564472e-01,9.241976487491671000e-18
9.367052953933925375e-06,8.494189223110149332e-06,1.000468180785759387e+00,9.995320675638608154e-01,1.046848019511589789e-17
9.765415680996252038e-06,8.855254555802535924e-06,1.000488083114703386e+00,9.995121816824481531e-01,1.186269642629647625e-17
1.018072000784377954e-05,9.231660009122528551e-06,1.000508830270945282e+00,9.994914512938939399e-01,1.344325990587300068e-17
1.061368642809652112e-05,9.624056642802710204e-06,1.000530458017749424e+00,9.994698406771920229e-01,1.562976958009157022e-17
1.106506607658084217e-05,1.003312308897182591e-05,1.000553006070020956e+00,9.994473125013723092e-01,1.725152003672833501e-17
1.153564203244112644e-05,1.045956671464875095e-05,1.000576511074370956e+00,9.994238277634944767e-01,1.955121448852376043e-17
1.202623067767005171e-05,1.090412483698713497e-05,1.000601014010982226e+00,9.993993461078487517e-01,2.214482937301642806e-17
1.253768311341452891e-05,1.136756597883734909e-05,1.000626559703505336e+00,9.993738251486199431e-01,2.508996293061963034e-17
1.307088663651463508e-05,1.185069118760900250e-05,1.000653189435979584e+00,9.993472208300049342e-01,2.842981384164333658e-17
1.362676627883668515e-05,1.235433540494536640e-05,1.000680949439896494e+00,9.993194873630296682e-01,3.220842781934477039e-17
1.420628641207114747e-05,1.287936888990368844e-05,1.000709889508129891e+00,9.992905768802181621e-01,3.648933233476800431e-17
1.481045242077980024e-05,1.342669870603771911e-05,1.000740058236118557e+00,9.992604394879162077e-01,4.134452518842965385e-17
1.544031244659409095e-05,1.399727027067744398e-05,1.000771507600177301e+00,9.992290233168764635e-01,4.683075758779575715e-17
1.609695920659090526e-05,1.459206896347981429e-05,1.000804293001550604e+00,9.991962741942812531e-01,5.305983788190388184e-17
1.678153188900060406e-05,1.521212180677070693e-05,1.000838470363589749e+00,9.991621356910030949e-01,6.011731639842671227e-17
1.749521812953563804e-05,1.585849921389189041e-05,1.000874098859213746e+00,9.991265490352552181e-01,6.810144895924574726e-17
1.823925607176854900e-05,1.653231680849781150e-05,1.000911239975579292e+00,9.990894529335762053e-01,7.715284303360520068e-17
1.901493651513424906e-05,1.723473732182735689e-05,1.000949958308524401e+00,9.990507835626032396e-01,8.740702389306576059e-17
1.982360515428234328e-05,1.796697256449816474e-05,1.000990319534338369e+00,9.990104743245604713e-01,9.903170406118377844e-17
2.066666491366480222e-05,1.873028548680205732e-05,1.001032393276830135e+00,9.989684560079460374e-01,1.121827376002540455e-16
2.154557838140955679e-05,1.952599231246149655e-05,1.001076253746475686e+00,9.989246563054640093e-01,1.270871293401407143e-16
2.246187034670141087e-05,2.035546477081776973e-05,1.001121975496204186e+00,9.988789999222110749e-01,1.439735781766024458e-16
2.341713044507354535e-05,2.122013241671361444e-05,1.001169636828549869e+00,9.988314084467339038e-01,1.631029702573935647e-16
2.441301591619773350e-05,2.212148504463937206e-05,1.001219320812566593e+00,9.987818001769145360e-01,1.847632967845805330e-16
2.545125447895803830e-05,2.306107520078393914e-05,1.001271112778525207e+00,9.987300899074307292e-01,2.093136997277991740e-16
2.653364732879630086e-05,2.404052080348785352e-05,1.001325101261087980e+00,9.986761889643895884e-01,2.371116269907908025e-16
2.766207226252854538e-05,2.506150786351417519e-05,1.001381381129462511e+00,9.986200049154017044e-01,2.685941475743386375e-16
2.883848693605374524e-05,2.612579331628695837e-05,1.001440047221549889e+00,9.985614413454590998e-01,8.808083860260655651e-18
3.006493226060721807e-05,2.723520798167588039e-05,1.001501200236802447e+00,9.985003980961287828e-01,9.583542523471967611e-18
3.134353594344960794e-05,2.839165961930393379e-05,1.001564947069994105e+00,9.984367705538341742e-01,1.234635223917868174e-17
3.267651617913452743e-05,2.959713613198480944e-05,1.001631396294939691e+00,9.983704498624450530e-01,8.518186834062871360e-18
3.406618549775938055e-05,3.085370888418588681e-05,1.001700662580617518e+00,9.983013225876260499e-01,7.654636744337112164e-18
3.551495477687384059e-05,3.216353615943872920e-05,1.001772864804749474e+00,9.982292705645694486e-01,7.725787511906473393e-18
3.702533742400814637e-05,3.352886675641645838e-05,1.001848127038698522e+00,9.981541707203376301e-01,1.183728543787884724e-17
3.859995373707556291e-05,3.495204372775597437e-05,1.001926577893314629e+00,9.980758948416931231e-01,1.246027817058438514e-17
4.024153545021431509e-05,3.643550827258751042e-05,1.002008352505171729e+00,9.979943094534228232e-01,5.218993504507371539e-18
4.195293047295615860e-05,3.798180377499964352e-05,1.002093591548330664e+00,9.979092754237283147e-01,3.669346727505629069e-18
4.373710783094196828e-05,3.959358001629424250e-05,1.002182440240446226e+00,9.978206479265130380e-01,1.362198385774365805e-17
4.559716281675635813e-05,4.127359754499046045e-05,1.002275051167927700e+00,9.977282761314890669e-01,1.060273491725570449e-17
4.753632235981824860e-05,4.302473222119350193e-05,1.002371583154925361e+00,9.976320029350810303e-01,9.712926806165061988e-18
4.955795062464172162e-05,4.484997994278595797e-05,1.002472201006924024e+00,9.975316647469673059e-01,9.141179566768409259e-18
5.166555484718006295e-05,4.675246155662637654e-05,1.002577077019324747e+00,9.974270912452011251e-01,1.218499246272673753e-17
5.386279141937922328e-05,4.873542795826082952e-05,1.002686390658411142e+00,9.973181050412499582e-01,1.049685579884891695e-17
5.615347223249470828e-05,5.080226539649929801e-05,1.002800328499716898e+00,9.972045214650302469e-01,1.295791002709628659e-17
5.854157129017746461e-05,5.295650097940650435e-05,1.002919084719266607e+00,9.970861482389109520e-01,1.091401952537165987e-17
6.103123160280261568e-05,5.520180839764692781e-05,1.003042862440253202e+00,9.969627852262533674e-01,9.577401534604373934e-18
6.362677237499972285e-05,5.754201385905948141e-05,1.003171872702822043e+00,9.968342239987690867e-01,1.152727137918377331e-17
6.633269649885478075e-05,5.998110226632512879e-05,1.003306334565849056e+00,9.967002476749723394e-01,9.404606813364496665e-18
6.915369836578480467e-05,6.252322361594636819e-05,1.003446477539156945e+00,9.965606304844791818e-01,9.540979117872439019e-18
7.209467201063540277e-05,6.517269964487688351e-05,1.003592540004916600e+00,9.964151374114423865e-01,8.155233216164403665e-18
7.516071960213083181e-05,6.793403073278891685e-05,1.003744769684701055e+00,9.962635238953613248e-01,7.425090815631196772e-18
7.835716029440807271e-05,7.081190305901051570e-05,1.003903425244800474e+00,9.961055354427290620e-01,1.147729643529576959e-17
8.168953945498823126e-05,7.381119602479873070e-05,1.004068776136961105e+00,9.959409072028094778e-01,1.167041994726975007e-17
8.516363828519566423e-05,7.693698995587967815e-05,1.004241102081735448e+00,9.957693636003658311e-01,1.089623183347931956e-17
8.878548384971678717e-05,8.019457409010805114e-05,1.004420694884942122e+00,9.955906179625099162e-01,9.201318906023464583e-18
9.256135953269405928e-05,8.358945484821897367e-05,1.004607858426638245e+00,9.954043720112413229e-01,5.882643818681115855e-18
9.649781593850020390e-05,8.712736441781452246e-05,1.004802908736124323e+00,9.952103155011726709e-01,7.994296956186086600e-18
1.006016822560995918e-04,9.081426963702822865e-05,1.005006174844822908e+00,9.950081257168706950e-01,6.774569512139894112e-18
1.048800781067139122e-04,9.465638120448896476e-05,1.005217999318503530e+00,9.947974670521455565e-01,5.976664475826343192e-18
1.093404258953481836e-04,9.866016320747967000e-05,1.005438738628697593e+00,9.945779904764789903e-01,9.333456045795135436e-18
1.139904636876009817e-04,1.028323429957862540e-04,1.005668763694501422e+00,9.943493330974959576e-01,1.167380807905876727e-17
1.188382586341021207e-04,1.071799213891556175e-04,1.005908460879069821e+00,9.941111175979037151e-01,6.683936986783683976e-18
1.238922209658658159e-04,1.117101832443741010e-04,1.006158231678512038e+00,9.938629517323231966e-01,7.817267070209937829e-18
1.291611185848380540e-04,1.164307083836281319e-04,1.006418494020067556e+00,9.936044278070681468e-01,6.536553253961435717e-18
1.346540922749531427e-04,1.213493828858658552e-04,1.006689682978432643e+00,9.933351220894959255e-01,9.078499128671591034e-18
1.403806715600871430e-04,1.264744107603072332e-04,1.006972250694929016e+00,9.930545942494606315e-01,1.293588717046767478e-17
1.463507912364181613e-04,1.318143260067491658e-04,1.007266667855333253e+00,9.927623867971591132e-01,1.096060633747064639e-17
1.525748086078776704e-04,1.373780050581973082e-04,1.007573423910869792e+00,9.924580244276068886e-01,9.097133853511185642e-18
1.590635214545922118e-04,1.431746796378020729e-04,1.007893027565827992e+00,9.921410134658614766e-01,9.913673614664331168e-18
1.658281867654863215e-04,1.492139500092909703e-04,1.008226008109204486e+00,9.918108411993665774e-01,8.649900457360915063e-18
1.728805402675505170e-04,1.555057986460092257e-04,1.008572915905702416e+00,9.914669752443148187e-01,1.192114169965702297e-17
1.802328167856485886e-04,1.620606043137850247e-04,1.008934322906299030e+00,9.911088628701633096e-01,7.408150156686110765e-18
1.878977714681881808e-04,1.688891565843085097e-04,1.009310823587739492e+00,9.907359303589452493e-01,1.254794608062520522e-17
1.958887019154814863e-04,1.760026707662358221e-04,1.009703035993666731e+00,9.903475822907046311e-01,1.009832679716576864e-17
2.042194712491784373e-04,1.834128032734617833e-04,1.010111602279380350e+00,9.899432008583404219e-01,8.798978256077671922e-18
2.129045321628010828e-04,1.911316674235402191e-04,1.010537189717908291e+00,9.895221451521208911e-01,1.096907666694318939e-17
2.219589519951006894e-04,1.991718496717640125e-04,1.010980491361252120e+00,9.890837504394723867e-01,8.719357159035767690e-18
2.313984388697348067e-04,2.075464262826478201e-04,1.011442227177326458e+00,9.886273274459325133e-01,1.161620983864547485e-17
2.412393689466160685e-04,2.162689804295584047e-04,1.011923144927123985e+00,9.881521615968604788e-01,1.181610961419748973e-17
2.514988148322087696e-04,2.253536197329974729e-04,1.012424020926459889e+00,9.876575122853243904e-01,1.142986259024952878e-17
2.621945751980581736e-04,2.348149942232922007e-04,1.012945661120127738e+00,9.871426121144843968e-01,1.367788803226244188e-17
2.733452056589413533e-04,2.446683147283658421e-04,1.013488902044912265e+00,9.866066661455731301e-01,1.157724632307177703e-17
2.849700509642061667e-04,2.549293716752149496e-04,1.014054611825315533e+00,9.860488511343709073e-01,1.023893426640998250e-17
2.970892785581435123e-04,2.656145543000905363e-04,1.014643691079797350e+00,9.854683147758777073e-01,1.283763134858617594e-17
3.097239135676201289e-04,2.767408702542489092e-04,1.015257073965358359e+00,9.848641749502804466e-01,6.603468856794525443e-18
3.228958752776685042e-04,2.883259655915539543e-04,1.015895729222918931e+00,9.842355189719605990e-01,9.185225280025632877e-18
3.366280151583084766e-04,3.003881451224464606e-04,1.016560661240873742e+00,9.835814028460455605e-01,9.147955830346443662e-18
3.509441565085844733e-04,3.129463931150700462e-04,1.017252911069320476e+00,9.829008505332696988e-01,9.232659125071873696e-18
3.658691357865793037e-04,3.260203943242972807e-04,1.017973557364229009e+00,9.821928532333287221e-01,7.403067959002584963e-18
3.814288456971184622e-04,3.396305553245002507e-04,1.018723717430290776e+00,9.814563686895076966e-01,8.602466612314674244e-18
3.976502801119118449e-04,3.537980261165461575e-04,1.019504548401982902e+00,9.806903205117630806e-01,1.310868189170755205e-17
4.145615809000585553e-04,3.685447219763546235e-04,1.020317248218958639e+00,9.798935975184286384e-01,9.690056916589195879e-18
4.321920867501670795e-04,3.838933455177037006e-04,1.021163056469632124e+00,9.790650531212665708e-01,1.238700982064688816e-17
4.505723840687856133e-04,3.998674089282820091e-04,1.022043255573137799e+00,9.782035047484731738e-01,6.179952383167375274e-18
4.697343600434414302e-04,4.164912563299561833e-04,1.022959171698360592e+00,9.773077332938815420e-01,9.459663954936026187e-18
4.897112579623525298e-04,4.337900862314549521e-04,1.023912175623635790e+00,9.763764826345343595e-01,6.163011724222289267e-18
5.105377348867804789e-04,4.517899740101957067e-04,1.024903683763866979e+00,9.754084591893538159e-01,7.501323780884083803e-18
5.322499217760733774e-04,4.705178943755877448e-04,1.025935158934103697e+00,9.744023315435843546e-01,5.102526474259905243e-18
5.548854861697148080e-04,4.900017437550378092e-04,1.027008111157215353e+00,9.733567301458091459e-01,6.505213034913026604e-18
5.784836975351185032e-04,5.102703625359184458e-04,1.028124098452806834e+00,9.722702470784544415e-01,9.493545272826198200e-18
6.030854953945402261e-04,5.313535570967577561e-04,1.029284727465139326e+00,9.711414359138448305e-01,1.351186957460059901e-17
6.287335603492919499e-04,5.532821215564593352e-04,1.030491654067617446e+00,9.699688116678060190e-01,6.979551485375434794e-18
6.554723881244833329e-04,5.760878591598431794e-04,1.031746583776282478e+00,9.687508508525523032e-01,1.011018525842732885e-17
6.833483667627439449e-04,5.998036032255839485e-04,1.033051272203877602e+00,9.674859916535830662e-01,1.315272760496477567e-17
7.124098571008401735e-04,6.244632375545330254e-04,1.034407525272925454e+00,9.661726342148385660e-01,7.033761593999710016e-18
7.427072766688141633e-04,6.501017162277377510e-04,1.035817199268279865e+00,9.648091410779949806e-01,1.238023355706885376e-17
7.742931871571872172e-04,6.767550826787598018e-04,1.037282200865973891e+00,9.633938377539530418e-01,1.199398653312089280e-17
8.072223856039802961e-04,7.044604879549961392e-04,1.038804486790283477e+00,9.619250134615153769e-01,1.174326478073361990e-17
8.415519994597341112e-04,7.332562080603669506e-04,1.040386063449872722e+00,9.604009220371826361e-01,1.041511711943887697e-17
8.773415856954693524e-04,7.631816602696354446e-04,1.042028986258216605e+00,9.588197830239389985e-01,7.257378292074845305e-18
9.146532341255171226e-04,7.942774183148162970e-04,1.043735358694164006e+00,9.571797829641230937e-01,9.893344823930227960e-18
9.535516751244638937e-04,8.265852263258759158e-04,1.045507331127339512e+00,9.554790768990392147e-01,1.200753906027696161e-17
9.941043919250974054e-04,8.601480114211357709e-04,1.047347099344136723e+00,9.537157900970905100e-01,9.378348791999613354e-18
1.036381737692165230e-03,8.950098948300646423e-04,1.049256902720685503e+00,9.518880200163665206e-01,9.114074512456271648e-18
1.080457057575057948e-03,9.312162014472229535e-04,1.051239022042523175e+00,9.499938385253400286e-01,8.646512325571897861e-18
1.126406815951150331e-03,9.688134677013316657e-04,1.053295776946313822e+00,9.480312943855078167e-01,9.798477133837746322e-18
1.174310729080563958e-03,1.007849447644318429e-03,1.055429522889369309e+00,9.459984160186984958e-01,1.212951180468158086e-17
1.224251903402484099e-03,1.048373117157261987e-03,1.057642647681518611e+00,9.438932145667803253e-01,1.013729031273946646e-17
1.276316979712939243e-03,1.090434676186317160e-03,1.059937567481895826e+00,9.417136872605299525e-01,9.039535613097893219e-18
1.330596283474199054e-03,1.134085548925854378e-03,1.062316722277813597e+00,9.394578211085370389e-01,1.146543797403420939e-17
1.387183981516531628e-03,1.179378381878153689e-03,1.064782570748874946e+00,9.371235969173824509e-01,1.288845332542143396e-17
1.446178245404194148e-03,1.226367039735846900e-03,1.067337584459579602e+00,9.347089936559469514e-01,7.277707082808948513e-18
1.507681421749050912e-03,1.275106599047750016e-03,1.069984241404824843e+00,9.322119931736660980e-01,6.261267546103788106e-18
1.571800209767313262e-03,1.325653339643414509e-03,1.072725018808341702e+00,9.296305852780605283e-01,6.667843360785852269e-18
1.638645846387426714e-03,1.378064733821781143e-03,1.075562385122097453e+00,9.269627731817322580e-01,8.700722434196173083e-18
1.708334299230226472e-03,1.432399433326044099e-03,1.078498791188664541e+00,9.242065793208206204e-01,8.063753657860939228e-18
1.780986467796182460e-03,1.488717254161912298e-03,1.081536660506898784e+00,9.213600515499422716e-01,9.283481101907131716e-18
1.856728393208741156e-03,1.547079159341099375e-03,1.084678378597743631e+00,9.184212697115443635e-01,1.002887009549091601e-17
1.935691476877658690e-03,1.607547239667794477e-03,1.087926281338894796e+00,9.153883525762406270e-01,6.600080725005508242e-18
2.018012708461646137e-03,1.670184692730259345e-03,1.091282642276979686e+00,9.122594651514805975e-01,1.027281558430015451e-17
2.103834903525841991e-03,1.735055800288210805e-03,1.094749658872459008e+00,9.090328263448816948e-01,9.757819552369539906e-18
2.193306951306405080e-03,1.802225904303124968e-03,1.098329437620691351e+00,9.057067169723084232e-01,1.029992063861229212e-17
2.286584073012032543e-03,1.871761381894489554e-03,1.102023978029336604e+00,9.022794880903098891e-01,8.646512325571897861e-18
2.383828091110570205e-03,1.943729619564467164e-03,1.105835155385648250e+00,8.987495696334725226e-01,1.081491667054290673e-17
2.485207710067858372e-03,2.018198987080685545e-03,1.109764702353245980e+00,8.951154793296830503e-01,7.968885967768457590e-18
2.590898809025844480e-03,2.095238811458772707e-03,1.113814189353519168e+00,8.913758318604657616e-01,1.382357769919018153e-17
2.701084746927751717e-03,2.174919351548678173e-03,1.117985003732940186e+00,8.875293482315106397e-01,1.282069068964108993e-17
2.815956680619622395e-03,2.257311773779182781e-03,1.122278327771269346e+00,8.835748653101449523e-01,9.242823520438925300e-18
2.935713896480120558e-03,2.342488129672941864e-03,1.126695115472230668e+00,8.795113454817314880e-01,7.372574772901430151e-18
3.060564156153885388e-03,2.430521335813261904e-03,1.131236068314379395e+00,8.753378863761037687e-01,8.483881999699072196e-18
3.190724056988285002e-03,2.521485156968100803e-03,1.135901609975618953e+00,8.710537305976560063e-01,1.170938346284344789e-17
3.326419407798848673e-03,2.615454193168447947e-03,1.140691860064677599e+00,8.666582754026143087e-01,9.703609443745264684e-18
3.467885620615254912e-03,2.712503871558251140e-03,1.145606607138134336e+00,8.621510822502385096e-01,1.013729031273946646e-17
3.615368119087551766e-03,2.812710443882215656e-03,1.150645281040041823e+00,8.575318861522738256e-01,1.130280764816138372e-17
3.769122764261088193e-03,2.916150990528949827e-03,1.155806924772747379e+00,8.528006047445598758e-01,7.426784881525705373e-18
3.929416298458855532e-03,3.022903432061722299e-03,1.161090166179107541e+00,8.479573469950886233e-01,1.387778780781445676e-17
4.096526808041250738e-03,3.133046549197156944e-03,1.166493189656833351e+00,8.430024214615480238e-01,1.173648851715558550e-17
4.270744205846160359e-03,3.246660012204288532e-03,1.172013708192494619e+00,8.379363440085418890e-01,1.062518129035794345e-17
4.452370734146286063e-03,3.363824420699381215e-03,1.177648936107019040e+00,8.327598448932547193e-01,9.540979117872439019e-18
4.641721488996249437e-03,3.484621354787582372e-03,1.183395562886261132e+00,8.274738751241270673e-01,1.290200585257750276e-17
4.839124966879197569e-03,3.609133438489731116e-03,1.189249728470656464e+00,8.220796120008392327e-01,1.035413074723656734e-17
5.044923634601225504e-03,3.737444416348443491e-03,1.195207000550553289e+00,8.165784637439783555e-01,1.040834085586084257e-17
5.259474523422329878e-03,3.869639244037715621e-03,1.201262354296915191e+00,8.109720731223103440e-01,1.295621596120177799e-17
5.483149848454561479e-03,4.005804193755565373e-03,1.207410155110864025e+00,8.052623199958923728e-01,1.143833291972207178e-17
5.716337654402032717e-03,4.146026975051671053e-03,1.213644144940801084e+00,7.994513226899461200e-01,1.024571052998801690e-17
5.959442488763008056e-03,4.290396871677507225e-03,1.219957432714238621e+00,7.935414381302831055e-01,1.176359357146772311e-17
6.212886103661933133e-03,4.439004894891350993e-03,1.226342489533763569e+00,7.875352606721051085e-01,6.938893903907228378e-18
6.477108187529080456e-03,4.591943953534955228e-03,1.232791149165791467e+00,7.814356195682605755e-01,1.252253509220757621e-17
6.752567127897089738e-03,4.749309041040977210e-03,1.239294614427606689e+00,7.752455750327089667e-01,1.127570259384924611e-17
7.039740806637820834e-03,4.911197439368542375e-03,1.245843469996970043e+00,7.689684128677460873e-01,7.914675859144182368e-18
7.339127429019019939e-03,5.077708939696407714e-03,1.252427702155600286e+00,7.626076376381897282e-01,1.208885422321337444e-17
7.651246388019239571e-03,5.248946079515585950e-03,1.259036725856262251e+00,7.561669643894132209e-01,9.812029660993815128e-18
7.976639165400409293e-03,5.425014395598995107e-03,1.265659419485245962e+00,7.496503089250945440e-01,1.436567878543293375e-17
8.315870271101212172e-03,5.606022692115331628e-03,1.272284167569296187e+00,7.430617766731966167e-01,8.782037597132585915e-18
8.669528222581143750e-03,5.792083322996429903e-03,1.278898911481974210e+00,7.364056501894953310e-01,8.456776945386934585e-18
9.038226565814126354e-03,5.983312487486503600e-03,1.285491208160323140e+00,7.296863753641664729e-01,8.565197162635485029e-18
9.422604939703075125e-03,6.179830537634709194e-03,1.292048296635869065e+00,7.229085464136913997e-01,9.540979117872439019e-18
9.823330185761872807e-03,6.381762296350574314e-03,1.298557172012166916e+00,7.160768897579748993e-01,1.301042606982605321e-17
1.024109750499007342e-02,6.589237384509094228e-03,1.305004666340906283e+00,7.091962468980329559e-01,1.387778780781445676e-17
1.067663166394724854e-02,6.802390555492199287e-03,1.311377535647267223e+00,7.022715564251587050e-01,1.387778780781445676e-17
1.113068825211926960e-02,7.021362035475221461e-03,1.317662552213320737e+00,6.953078353058893546e-01,1.734723475976807094e-17
1.160405499275805538e-02,7.246297867708752574e-03,1.323846601000340684e+00,6.883101595977736409e-01,2.081668171172168513e-17
1.209755310946879735e-02,7.477350259045487980e-03,1.329916778923276865e+00,6.812836447622455660e-01,2.775557561562891351e-17
1.261203875091542088e-02,7.714677926970840011e-03,1.335860495607079201e+00,6.742334257471980230e-01,3.122502256758252770e-17
1.314840447611613679e-02,7.958446445443582290e-03,1.341665574033186203e+00,6.671646370161866679e-01,3.642919299551294898e-17
1.370758080290567470e-02,8.208828587967842427e-03,1.347320349484306234e+00,6.600823927056485019e-01,4.423544863740858091e-17
1.429053782225072310e-02,8.466004666406743220e-03,1.352813765120842504e+00,6.529917670876312918e-01,5.377642775528101993e-17
1.489828688121895908e-02,8.730162864240853873e-03,1.358135462485151379e+00,6.458977755151791289e-01,5.724587470723463412e-17
1.553188233752162035e-02,9.001499563140858209e-03,1.363275865334102832e+00,6.388053560192058500e-01,6.418476861114186249e-17
1.619242338867342423e-02,9.280219661953227617e-03,1.368226255238511158e+00,6.317193517178039119e-01,7.979727989493312634e-17
1.688105597894297774e-02,9.566536887434022585e-03,1.372978837547321973e+00,6.246444941870802348e-01,9.194034422677077600e-17
1.759897478740226825e-02,9.860674096330495492e-03,1.377526796504483286e+00,6.175853879291252069e-01,1.023486850826316186e-16
1.834742530052400900e-02,1.016286356867406038e-02,1.381864338505508272e+00,6.105464960562851928e-01,1.214306433183764966e-16
1.912770597292260885e-02,1.047334729244239759e-02,1.385986722750828903e+00,6.035321272942532067e-01,1.387778780781445676e-16
1.994117047998718306e-02,1.079237724001383923e-02,1.389890278852632832e+00,5.965464243865253868e-01,1.595945597898662527e-16
2.078923006631479622e-02,1.112021563711689323e-02,1.393572411193872540e+00,5.895933539632127740e-01,1.734723475976807094e-16
2.167335599401812654e-02,1.145713522524887881e-02,1.397031590182699290e+00,5.826766979171419392e-01,2.064320936412400442e-16
2.259508209515471294e-02,1.180341951876746898e-02,1.400267330853658621e+00,5.758000463086940801e-01,2.237793284010081152e-16
2.355600743270631903e-02,1.215936305808083123e-02,1.403280159487579226e+00,5.689667918006121594e-01,2.619432448724978713e-16
2.455779907472451298e-02,1.252527166056679846e-02,1.406071569245348485e+00,5.621801256049835382e-01,2.931682674400803990e-16
2.560219498645543990e-02,1.290146267097754852e-02,1.408643966004731851e+00,5.554430349043935067e-01,3.313321839115701550e-16
2.669100704546085306e-02,1.328826521323351814e-02,1.411000605749123338e+00,5.487583016933679225e-01,3.833738881908743679e-16
2.782612418496667461e-02,1.368602044557075750e-02,1.413145525048328466e+00,5.421285029696407687e-01,4.388850394221321949e-16
2.900951567089209843e-02,1.409508182104452292e-02,1.415083466229070552e+00,5.355560121911924210e-01,4.926614671774132148e-16
3.024323451824420875e-02,1.451581535538368217e-02,1.416819798861439494e+00,5.290430019032781317e-01,5.655198531684391128e-16
3.152942105280556045e-02,1.494859990415480303e-02,1.418360439217735802e+00,5.225914474306884161e-01,6.314393452555577824e-16
3.287030662429326483e-02,1.539382745108276024e-02,1.419711769281498448e+00,5.162031315224582251e-01,7.181755190543981371e-16
3.426821747743184071e-02,1.585190340927860111e-02,1.420880556801286332e+00,5.098796498325395277e-01,8.083811398051921060e-16
3.572557878765494216e-02,1.632324693693487996e-02,1.421873877752204862e+00,5.036224171163290464e-01,9.020562075079396891e-16
3.724491886843803168e-02,1.680829126889391706e-02,1.422699042411032622e+00,4.974326740237823286e-01,1.023486850826316186e-15
3.882887355756088621e-02,1.730748406524874883e-02,1.423363526083662123e+00,4.913114943705069182e-01,1.158795281952507139e-15
4.048019078990893610e-02,1.782128777793232088e-02,1.423874905312757733e+00,4.852597927727687610e-01,1.290634266126744478e-15
4.220173536474750714e-02,1.835018003598338707e-02,1.424240800213077307e+00,4.792783325369417424e-01,1.464106613724425188e-15
4.399649391573904472e-02,1.889465404994063874e-02,1.424468823370141024e+00,4.733677337011699127e-01,1.637578961322105897e-15
4.586758009232495131e-02,1.945521903554673498e-02,1.424566535559030456e+00,4.675284811345077340e-01,1.852684672343229977e-15
4.781823996146272043e-02,2.003240065669933956e-02,1.424541408344580873e+00,4.617609326078314647e-01,2.067790383364354057e-15
4.985185763908766415e-02,2.062674148733559254e-02,1.424400793475307125e+00,4.560653267601758043e-01,2.334937798664782349e-15
5.197196116106984204e-02,2.123880149170042503e-02,1.424151898827155094e+00,4.504417908939274962e-01,2.640249130436700398e-15
5.418222860385236289e-02,2.186915852223438386e-02,1.423801770547498791e+00,4.448903485424058335e-01,2.962907696968386517e-15
5.648649446538784452e-02,2.251840883409705549e-02,1.423357280926467183e+00,4.394109267629137672e-01,3.327199626923516007e-15
5.888875631744361350e-02,2.318716761518556727e-02,1.422825121461649189e+00,4.340033631185175600e-01,3.753941602013810552e-15
6.139318174081780100e-02,2.387606953031650228e-02,1.422211800554116223e+00,4.286674123203591535e-01,4.211908599671687625e-15
6.400411555549576081e-02,2.458576927809932172e-02,1.421523645187136253e+00,4.234027525110129475e-01,4.787836793695987581e-15
6.672608735829103910e-02,2.531694215892897268e-02,1.420766805986367842e+00,4.182089911776319391e-01,5.391520563335916449e-15
6.956381938104899687e-02,2.607028465237253012e-02,1.419947265040427453e+00,4.130856706898178854e-01,6.078471059822732059e-15
7.252223468304279386e-02,2.684651500218128428e-02,1.419070845886999166e+00,4.080322734642254368e-01,6.862566070964248865e-15
7.560646569177818799e-02,2.764637380703486788e-02,1.418143225118548401e+00,4.030482267623511361e-01,7.736866702856559641e-15
7.882186310702092580e-02,2.847062461509259484e-02,1.417169945086683924e+00,3.981329071330464431e-01,8.722189637211386071e-15
8.217400518349519956e-02,2.932005452033966536e-02,1.416156427269250173e+00,3.932856445143945723e-01,9.880984919163893210e-15
8.566870740835892672e-02,3.019547475866520697e-02,1.415107985892994691e+00,3.885057260124719081e-01,1.119937476090626660e-14
8.931203259024186880e-02,3.109772130155299963e-02,1.414029841477223215e+00,3.837923993765496866e-01,1.265654248072678456e-14
9.311030137735107348e-02,3.202765544520264768e-02,1.412927134024997144e+00,3.791448761915359733e-01,1.434269369937624106e-14
9.707010322289280624e-02,3.298616439283304225e-02,1.411804935643701242e+00,3.745623348091606242e-01,1.623007284123900718e-14
1.011983078168310762e-01,3.397416182784472605e-02,1.410668262420180952e+00,3.700439230395953794e-01,1.840194663316196966e-14
1.055020770038167105e-01,3.499258847545006629e-02,1.409522085448912776e+00,3.655887606250902144e-01,2.081668171172168513e-14
1.099888772079649218e-01,3.604241265025437402e-02,1.408371340923352477e+00,3.611959415162394604e-01,2.361305595499629817e-14
1.146664923860329366e-01,3.712463078722263998e-02,1.407220939257044279e+00,3.568645359712513399e-01,2.671474153004282925e-14
1.195430375314711635e-01,3.824026795329266842e-02,1.406075773234263693e+00,3.525935924968536805e-01,3.035766082959412415e-14
1.246269727527779952e-01,3.939037833682565437e-02,1.404940725195316986e+00,3.483821396488577249e-01,3.438915818776422384e-14
1.299271179505764040e-01,4.057604571191396337e-02,1.403820673298461941e+00,3.442291877087651497e-01,3.906597267899769577e-14
1.354526681188820691e-01,4.179838387445799358e-02,1.402720496904777292e+00,3.401337302517916106e-01,4.432565425815937488e-14
1.412132092971023212e-01,4.305853704675005611e-02,1.401645081140159732e+00,3.360947456201860417e-01,5.030698080332740574e-14
1.472187352004429850e-01,4.435768024718932806e-02,1.400599320690950833e+00,3.321111983147724267e-01,5.710709682915648955e-14
1.534796645575768059e-01,4.569701962158058406e-02,1.399588122901835874e+00,3.281820403162740707e-01,6.482314685030132750e-14
1.600068591856470823e-01,4.707779273233647643e-02,1.398616410224892803e+00,3.243062123470279445e-01,7.358003095703224972e-14
1.668116428339661839e-01,4.850126880177460520e-02,1.397689122075263413e+00,3.204826450827523709e-01,8.361367154208210195e-14
1.739058208291033025e-01,4.996874890556921023e-02,1.396811216144381973e+00,3.167102603231000679e-01,9.497957975668214203e-14
1.813017005554369843e-01,5.148156611230729485e-02,1.395987669210210669e+00,3.129879721289676175e-01,1.078304112667183290e-13
1.890121128067059619e-01,5.304108556501137273e-02,1.395223477476012164e+00,3.093146879338428135e-01,1.225547441308094676e-13
1.970504340456037673e-01,5.464870450042720595e-02,1.394523656471061912e+00,3.056893096358817563e-01,1.392636006514180735e-13
2.054306096100276813e-01,5.630585220181208439e-02,1.393893240531976829e+00,3.021107346767531454e-01,1.582484143725082504e-13
2.141671779062444270e-01,5.801398988097115905e-02,1.393337281879478695e+00,2.985778571129281689e-01,1.799255189283144318e-13
2.232752956309487502e-01,5.977461048528605325e-02,1.392860849308174664e+00,2.950895686845011467e-01,2.045169589237616492e-13
2.327707640659635591e-01,6.158923842554104439e-02,1.392469026489767003e+00,2.916447598862597634e-01,2.324390679930843362e-13
2.426700564912029068e-01,6.345942922045455514e-02,1.392166909899120952e+00,2.882423210453322615e-01,2.643163465876341434e-13
2.529903467634603276e-01,6.538676905394245897e-02,1.391959606370850366e+00,2.848811434092499151e-01,3.005651283416455044e-13
2.637495391105906806e-01,6.737287424131876978e-02,1.391852230285284264e+00,2.815601202478855147e-01,3.417544025552388121e-13
2.749662991927886990e-01,6.941939060087279345e-02,1.391849900389274808e+00,2.782781479723182572e-01,3.886058141944204181e-13
2.866600864848389829e-01,7.152799272751508841e-02,1.391957736264593848e+00,2.750341272731928743e-01,4.419797861032748187e-13
2.988511880355202432e-01,7.370038316548988000e-02,1.392180854452288230e+00,2.718269642806219744e-01,5.024869409453458502e-13
3.115607536627372220e-01,7.593829147751830766e-02,1.392524364246551016e+00,2.686555717472202121e-01,5.713762796233368135e-13
3.248108326454290373e-01,7.824347320811936290e-02,1.392993363184647393e+00,2.655188702552678803e-01,6.496747584350259785e-13
3.386244119759131421e-01,8.061770873927921743e-02,1.393592932259139161e+00,2.624157894483738485e-01,7.385481115562697596e-13
3.530254562390334749e-01,8.306280203711316479e-02,1.394328130888673911e+00,2.593452692874108068e-01,8.396061623727746337e-13
3.680389491872868568e-01,8.558057928863363473e-02,1.395203991695026957e+00,2.563062613297756864e-01,9.543754675434001911e-13
3.836909370840585476e-01,8.817288742824394565e-02,1.396225515139825291e+00,2.532977300303136947e-01,1.084521361605084167e-12
4.000085738901689725e-01,9.084159255408613687e-02,1.397397664085877622e+00,2.503186540614996125e-01,1.232153268304614357e-12
4.170201683721108110e-01,9.358857823487153060e-02,1.398725358363181570e+00,2.473680276496927621e-01,1.399491633691241077e-12
4.347552332137084030e-01,9.641574370829415763e-02,1.400213469422002532e+00,2.444448619234441955e-01,1.589034459570370927e-12
4.532445362164094216e-01,9.932500197261943942e-02,1.401866815175596415e+00,2.415481862691337966e-01,1.803696081381644944e-12
4.725201536770142763e-01,1.023182777733938204e-01,1.403690155140381535e+00,2.386770496882888448e-01,2.046668390320860453e-12
4.926155260354700971e-01,1.053975054876400974e-01,1.405688185993465567e+00,2.358305221503228244e-01,2.320782455100811603e-12
5.135655158892497019e-01,1.085646269081139426e-01,1.407865537674805267e+00,2.330076959335622144e-01,2.630784479151770938e-12
5.354064684749699765e-01,1.118215889304631505e-01,1.410226770171352229e+00,2.302076869469292797e-01,2.980171665001307701e-12
5.581762747221858945e-01,1.151703411461535709e-01,1.412776371125492147e+00,2.274296360238975689e-01,3.373967771835850726e-12
5.819144369887327972e-01,1.186128333440810423e-01,1.415518754405676205e+00,2.246727101800260196e-01,3.817335336719906991e-12
6.066621375916638748e-01,1.221510129236265535e-01,1.418458259788361708e+00,2.219361038249224871e-01,4.315547919020445988e-12
6.324623102526892859e-01,1.257868222216942944e-01,1.421599153884540279e+00,2.192190399193230388e-01,4.874489700767981049e-12
6.593597145820400129e-01,1.295221957559261339e-01,1.424945632438323173e+00,2.165207710679421249e-01,5.501155087017650658e-12
6.874010137299874090e-01,1.333590573858526307e-01,1.428501824111321206e+00,2.138405805388954861e-01,6.202593993975824560e-12
7.166348553407436706e-01,1.372993173932135769e-01,1.432271796390680585e+00,2.111777832008327471e-01,6.985911849000103757e-12
7.471119559491650186e-01,1.413448694789926352e-01,1.436259560436725202e+00,2.085317263648918951e-01,1.665334536937734811e-16
7.788851889666819073e-01,1.454975876956626224e-01,1.440469082381857113e+00,2.059017905513446378e-01,1.665334536937734811e-16
8.120096764091184749e-01,1.497593232689185261e-01,1.444904293702178322e+00,2.032873901066691025e-01,1.526556658859590243e-16
8.465428845254947543e-01,1.541319013672211580e-01,1.449569100508269148e+00,2.006879737551847398e-01,1.942890293094023946e-16
8.825447234937626728e-01,1.586171177741328431e-01,1.454467398995993532e+00,1.981030250149850569e-01,1.665334536937734811e-16
9.200776513563930781e-01,1.632167354791952407e-01,1.459603089633485062e+00,1.955320625021736147e-01,2.567390744445674500e-16
9.592067823761428746e-01,1.679324811832414444e-01,1.464980092903124476e+00,1.929746401185375715e-01,1.491862189340054101e-16
1.000000000000000000e+00,1.727660417173750851e-01,1.467724035288995976e+00,1.904303471240055001e-01,2.775557561562891351e-16
