seed,lambda,strain_engineering,extension_x,straightening_fraction,length_x,length_x_min,length_y_max,length_y_min,area,rest_length,geometric_max_length
45,0.0,0.0,0.0,0.0,4.5539560772474355,0.06542803774908858,1.1677245023950613,0.366561661305768,5.317766094232727,4.5539560772474355,5.494106891802951
45,1e-05,3.4913899826462635e-08,1.589963662951277e-07,1.6911793707299823e-07,4.553956236243802,0.06542796328414616,1.1677236038671426,0.366561685242253,5.317762188039861,4.5539560772474355,5.494106891802951
45,1.778279410038923e-05,8.333716876524485e-08,3.795138061590819e-07,4.036733258998541e-07,4.553956456761242,0.06542779504764806,1.1677215738488682,0.36656171844063146,5.317753200928452,4.5539560772474355,5.494106891802951
45,3.1622776601683795e-05,1.5937500136520917e-07,7.257867560284126e-07,7.719897114289584e-07,4.5539568030341915,0.06542749900958844,1.1677180017184963,0.3665617705713745,5.317737337951438,4.5539560772474355,5.494106891802951
45,5.623413251903491e-05,2.7525072015624317e-07,1.2534796898222567e-06,1.3332751197103166e-06,4.553957330727125,0.06542707633588757,1.167712901544303,0.3665618500148906,5.317714728172321,4.5539560772474355,5.494106891802951
45,0.0001,5.10172846804395e-07,2.323304736151499e-06,2.471204300609909e-06,4.553958400552172,0.06542616033806026,1.1677018486937045,0.366562011077278,5.317665643198996,4.5539560772474355,5.494106891802951
45,0.00017782794100389227,9.11241844543877e-07,4.149755335802752e-06,4.413925161320711e-06,4.553960227002771,0.06542462946366052,1.1676833764547938,0.3665622860541338,5.317583654107435,4.5539560772474355,5.494106891802951
45,0.00031622776601683794,1.6275857592108786e-06,7.411954059399761e-06,7.883792626296861e-06,4.553963489201495,0.06542186118040931,1.1676499730509944,0.36656277720088154,5.3174353454413374,4.5539560772474355,5.494106891802951
45,0.0005623413251903491,2.902328210729188e-06,1.321707519341686e-05,1.4058462736816995e-05,4.553969294322629,0.06541694248181114,1.1675906216736616,0.36656365124711304,5.317171839440924,4.5539560772474355,5.494106891802951
45,0.001,5.170364479909589e-06,2.354561274486855e-05,2.5044506030663223e-05,4.55397962286018,0.06540826238493401,1.1674858832962232,0.366565206498936,5.316706922507919,4.5539560772474355,5.494106891802951
45,0.0017782794100389228,9.197638252708465e-06,4.18856406172452e-05,4.455204417075136e-05,4.553997962888053,0.06539281255311519,1.1672994573974949,0.36656796854990054,5.315879351068521,4.5539560772474355,5.494106891802951
45,0.0031622776601683794,1.63410224988251e-05,7.441629871696165e-05,7.915357575065675e-05,4.554030493546152,0.06536539161443637,1.166968580099941,0.3665728691397346,5.314410498785387,4.5539560772474355,5.494106891802951
45,0.005623413251903491,2.9008718833522977e-05,0.0001321044314250841,0.00014051408495299814,4.5540881816788605,0.06531682514181368,1.1663825431171204,0.3665815639608207,5.311808954926212,4.5539560772474355,5.494106891802951
45,0.01,5.1406792137258317e-05,0.0002341042734652632,0.0002490071484711131,4.554190181520901,0.06523115176992511,1.1653487325064396,0.3665969511216756,5.307219755628654,4.5539560772474355,5.494106891802951
45,0.01778279410038923,9.08361324781424e-05,0.00041366375753248974,0.0004399972335588112,4.554369741004968,0.06508091152403264,1.1635357528741308,0.3666240804846472,5.299172025467375,4.5539560772474355,5.494106891802951
45,0.03162277660168379,0.0001597234513735805,0.0007273735820616523,0.0007736775534311906,4.554683450829497,0.0648203243208347,1.160391053427168,0.3666716048640527,5.285213927535329,4.5539560772474355,5.494106891802951
45,0.05623413251903491,0.0002786289029414268,0.0012688637858468965,0.0013496385539449752,4.555224941033282,0.06437546465008674,1.1550222099504268,0.366754006271694,5.261385978213564,4.5539560772474355,5.494106891802951
45,0.1,0.00047988929569642253,0.002185394774542715,0.0023245151104569596,4.556141472021978,0.0636380246459025,1.146121345372442,0.3668945031198651,5.221890993621008,4.5539560772474355,5.494106891802951
45,0.1778279410038923,0.0008107989755019537,0.0036923429219131165,0.003927394269885074,4.557648420169349,0.062468741434395195,1.1320061148703298,0.3671281118690801,5.159285881060801,4.5539560772474355,5.494106891802951
45,0.31622776601683794,0.0013343156813762807,0.006076415006170066,0.006463234315276186,4.5600324922536055,0.06073142419156911,1.1110309328116248,0.3675035740000079,5.066337153519841,4.5539560772474355,5.494106891802951
45,0.5623413251903491,0.002126758356615824,0.0096851641429474,0.010301713292166163,4.563641241390383,0.058361405308270616,1.0824174409166394,0.36808328454734657,4.939764873767413,4.5539560772474355,5.494106891802951
45,1.0,0.003276439777137187,0.014920762834829127,0.01587060565584189,4.568876840082265,0.05543528769614384,1.047107310722452,0.36894285662502274,4.784104341040634,4.5539560772474355,5.494106891802951
45,1.7782794100389228,0.004888934659257011,0.022263993702789087,0.023681300231936785,4.5762200709502245,0.052179125198872245,1.0078754035992015,0.3701740730289999,4.612259650967724,4.5539560772474355,5.494106891802951
45,3.1622776601683795,0.007099407191174734,0.032330388523104325,0.03438851301574363,4.58628646577054,0.04889568368091289,0.9684591073371935,0.3718932895846239,4.441630896632789,4.5539560772474355,5.494106891802951
45,5.623413251903491,0.010088038114950872,0.04594048248108429,0.048865013750803404,4.59989655972852,0.045867204812527,0.9323789545308231,0.374254546097734,4.288846745309607,4.5539560772474355,5.494106891802951
45,10.0,0.014096288987427237,0.06419388090093037,0.0682804076825482,4.618149958148366,0.04329773759882971,0.9022303154140241,0.3774664339282179,4.166634893369462,4.5539560772474355,5.494106891802951
45,17.78279410038923,0.01944488599816071,0.08855115676270753,0.09418824660017205,4.642507234010143,0.04130810884392864,0.8796136382331163,0.3818136827427622,4.083612678631224,4.5539560772474355,5.494106891802951
45,31.622776601683793,0.02655469234204121,0.1209289025704745,0.12862713162424613,4.67488497981791,0.03996241867838984,0.8654507842788591,0.38768597526875215,4.045882872196869,4.5539560772474355,5.494106891802951
45,56.23413251903491,0.03596967393221157,0.16380431520020355,0.17423195583534856,4.717760392447639,0.03930332018139285,0.8604071400213312,0.3956172232284513,4.0591947265717865,4.5539560772474355,5.494106891802951
45,100.0,0.04837735945517016,0.22030837009205584,0.2343330098546085,4.774264447339491,0.039385794653349904,0.8652833448733912,0.40633847100427306,4.131091510304027,4.5539560772474355,5.494106891802951
45,177.82794100389228,0.06461216101303034,0.29424094330937933,0.3129720665598642,4.848197020556815,0.0403077584040815,0.8813358499444118,0.4208441693522516,4.2728898418104055,4.5539560772474355,5.494106891802951
45,316.22776601683796,0.08556349254946005,0.38965238688612924,0.4144573198826074,4.943608464133565,0.04223656747392093,0.9104637990691344,0.4404346860872519,4.500976543365375,4.5539560772474355,5.494106891802951
45,562.341325190349,0.11159045505898317,0.5081780309786632,0.5405282036785977,5.062134108226099,0.045400179494365894,0.9547345367563753,0.4664636873629182,4.832994262815891,4.5539560772474355,5.494106891802951
45,1000.0,0.1408133031383397,0.6412575975841275,0.6820795000718063,5.195213674831563,0.0499305136649768,1.0138409661747345,0.4990626853853043,5.267120451575424,4.5539560772474355,5.494106891802951
45,1778.2794100389228,0.16791508571329133,0.7646779250455671,0.8133566585347176,5.3186340022930025,0.05550855693546041,1.0810702598233175,0.5350827701918406,5.749817042764027,4.5539560772474355,5.494106891802951
45,3162.2776601683795,0.18742711912511303,0.8535348681807875,0.9078701576026627,5.407490945428223,0.06123376167360016,1.1443502674144321,0.5685771624639676,6.1880637094419075,4.5539560772474355,5.494106891802951
45,5623.413251903491,0.19835948639332615,0.9033203885405676,0.9608249810086474,5.457276465788003,0.06614182848270216,1.1942941072059476,0.5948884879273912,6.517593124484312,4.5539560772474355,5.494106891802951
45,10000.0,0.2033670872430246,0.9261247828624812,0.9850810832944228,5.480080860109917,0.0697759326934208,1.2288383596778618,0.6130567967620777,6.734133575039516,4.5539560772474355,5.494106891802951
46,0.0,0.0,0.0,0.0,4.5539560772474355,0.06542803774908858,1.1677245023950613,0.366561661305768,5.317766094232727,4.5539560772474355,5.494106891802951
46,1e-05,3.4913899826462635e-08,1.589963662951277e-07,1.6911793707299823e-07,4.553956236243802,0.06542796328414616,1.1677236038671426,0.366561685242253,5.317762188039861,4.5539560772474355,5.494106891802951
46,1.778279410038923e-05,8.333716876524485e-08,3.795138061590819e-07,4.036733258998541e-07,4.553956456761242,0.06542779504764806,1.1677215738488682,0.36656171844063146,5.317753200928452,4.5539560772474355,5.494106891802951
46,3.1622776601683795e-05,1.5937500136520917e-07,7.257867560284126e-07,7.719897114289584e-07,4.5539568030341915,0.06542749900958844,1.1677180017184963,0.3665617705713745,5.317737337951438,4.5539560772474355,5.494106891802951
46,5.623413251903491e-05,2.7525072015624317e-07,1.2534796898222567e-06,1.3332751197103166e-06,4.553957330727125,0.06542707633588757,1.167712901544303,0.3665618500148906,5.317714728172321,4.5539560772474355,5.494106891802951
46,0.0001,5.10172846804395e-07,2.323304736151499e-06,2.471204300609909e-06,4.553958400552172,0.06542616033806026,1.1677018486937045,0.366562011077278,5.317665643198996,4.5539560772474355,5.494106891802951
46,0.00017782794100389227,9.11241844543877e-07,4.149755335802752e-06,4.413925161320711e-06,4.553960227002771,0.06542462946366052,1.1676833764547938,0.3665622860541338,5.317583654107435,4.5539560772474355,5.494106891802951
46,0.00031622776601683794,1.6275857592108786e-06,7.411954059399761e-06,7.883792626296861e-06,4.553963489201495,0.06542186118040931,1.1676499730509944,0.36656277720088154,5.3174353454413374,4.5539560772474355,5.494106891802951
46,0.0005623413251903491,2.902328210729188e-06,1.321707519341686e-05,1.4058462736816995e-05,4.553969294322629,0.06541694248181114,1.1675906216736616,0.36656365124711304,5.317171839440924,4.5539560772474355,5.494106891802951
46,0.001,5.170364479909589e-06,2.354561274486855e-05,2.5044506030663223e-05,4.55397962286018,0.06540826238493401,1.1674858832962232,0.366565206498936,5.316706922507919,4.5539560772474355,5.494106891802951
46,0.0017782794100389228,9.197638252708465e-06,4.18856406172452e-05,4.455204417075136e-05,4.553997962888053,0.06539281255311519,1.1672994573974949,0.36656796854990054,5.315879351068521,4.5539560772474355,5.494106891802951
46,0.0031622776601683794,1.63410224988251e-05,7.441629871696165e-05,7.915357575065675e-05,4.554030493546152,0.06536539161443637,1.166968580099941,0.3665728691397346,5.314410498785387,4.5539560772474355,5.494106891802951
46,0.005623413251903491,2.9008718833522977e-05,0.0001321044314250841,0.00014051408495299814,4.5540881816788605,0.06531682514181368,1.1663825431171204,0.3665815639608207,5.311808954926212,4.5539560772474355,5.494106891802951
46,0.01,5.1406792137258317e-05,0.0002341042734652632,0.0002490071484711131,4.554190181520901,0.06523115176992511,1.1653487325064396,0.3665969511216756,5.307219755628654,4.5539560772474355,5.494106891802951
46,0.01778279410038923,9.08361324781424e-05,0.00041366375753248974,0.0004399972335588112,4.554369741004968,0.06508091152403264,1.1635357528741308,0.3666240804846472,5.299172025467375,4.5539560772474355,5.494106891802951
46,0.03162277660168379,0.0001597234513735805,0.0007273735820616523,0.0007736775534311906,4.554683450829497,0.0648203243208347,1.160391053427168,0.3666716048640527,5.285213927535329,4.5539560772474355,5.494106891802951
46,0.05623413251903491,0.0002786289029414268,0.0012688637858468965,0.0013496385539449752,4.555224941033282,0.06437546465008674,1.1550222099504268,0.366754006271694,5.261385978213564,4.5539560772474355,5.494106891802951
46,0.1,0.00047988929569642253,0.002185394774542715,0.0023245151104569596,4.556141472021978,0.0636380246459025,1.146121345372442,0.3668945031198651,5.221890993621008,4.5539560772474355,5.494106891802951
46,0.1778279410038923,0.0008107989755019537,0.0036923429219131165,0.003927394269885074,4.557648420169349,0.062468741434395195,1.1320061148703298,0.3671281118690801,5.159285881060801,4.5539560772474355,5.494106891802951
46,0.31622776601683794,0.0013343156813762807,0.006076415006170066,0.006463234315276186,4.5600324922536055,0.06073142419156911,1.1110309328116248,0.3675035740000079,5.066337153519841,4.5539560772474355,5.494106891802951
46,0.5623413251903491,0.002126758356615824,0.0096851641429474,0.010301713292166163,4.563641241390383,0.058361405308270616,1.0824174409166394,0.36808328454734657,4.939764873767413,4.5539560772474355,5.494106891802951
46,1.0,0.003276439777137187,0.014920762834829127,0.01587060565584189,4.568876840082265,0.05543528769614384,1.047107310722452,0.36894285662502274,4.784104341040634,4.5539560772474355,5.494106891802951
46,1.7782794100389228,0.004888934659257011,0.022263993702789087,0.023681300231936785,4.5762200709502245,0.052179125198872245,1.0078754035992015,0.3701740730289999,4.612259650967724,4.5539560772474355,5.494106891802951
46,3.1622776601683795,0.007099407191174734,0.032330388523104325,0.03438851301574363,4.58628646577054,0.04889568368091289,0.9684591073371935,0.3718932895846239,4.441630896632789,4.5539560772474355,5.494106891802951
46,5.623413251903491,0.010088038114950872,0.04594048248108429,0.048865013750803404,4.59989655972852,0.045867204812527,0.9323789545308231,0.374254546097734,4.288846745309607,4.5539560772474355,5.494106891802951
46,10.0,0.014096288987427237,0.06419388090093037,0.0682804076825482,4.618149958148366,0.04329773759882971,0.9022303154140241,0.3774664339282179,4.166634893369462,4.5539560772474355,5.494106891802951
46,17.78279410038923,0.01944488599816071,0.08855115676270753,0.09418824660017205,4.642507234010143,0.04130810884392864,0.8796136382331163,0.3818136827427622,4.083612678631224,4.5539560772474355,5.494106891802951
46,31.622776601683793,0.02655469234204121,0.1209289025704745,0.12862713162424613,4.67488497981791,0.03996241867838984,0.8654507842788591,0.38768597526875215,4.045882872196869,4.5539560772474355,5.494106891802951
46,56.23413251903491,0.03596967393221157,0.16380431520020355,0.17423195583534856,4.717760392447639,0.03930332018139285,0.8604071400213312,0.3956172232284513,4.0591947265717865,4.5539560772474355,5.494106891802951
46,100.0,0.04837735945517016,0.22030837009205584,0.2343330098546085,4.774264447339491,0.039385794653349904,0.8652833448733912,0.40633847100427306,4.131091510304027,4.5539560772474355,5.494106891802951
46,177.82794100389228,0.06461216101303034,0.29424094330937933,0.3129720665598642,4.848197020556815,0.0403077584040815,0.8813358499444118,0.4208441693522516,4.2728898418104055,4.5539560772474355,5.494106891802951
46,316.22776601683796,0.08556349254946005,0.38965238688612924,0.4144573198826074,4.943608464133565,0.04223656747392093,0.9104637990691344,0.4404346860872519,4.500976543365375,4.5539560772474355,5.494106891802951
46,562.341325190349,0.11159045505898317,0.5081780309786632,0.5405282036785977,5.062134108226099,0.045400179494365894,0.9547345367563753,0.4664636873629182,4.832994262815891,4.5539560772474355,5.494106891802951
46,1000.0,0.1408133031383397,0.6412575975841275,0.6820795000718063,5.195213674831563,0.0499305136649768,1.0138409661747345,0.4990626853853043,5.267120451575424,4.5539560772474355,5.494106891802951
46,1778.2794100389228,0.16791508571329133,0.7646779250455671,0.8133566585347176,5.3186340022930025,0.05550855693546041,1.0810702598233175,0.5350827701918406,5.749817042764027,4.5539560772474355,5.494106891802951
46,3162.2776601683795,0.18742711912511303,0.8535348681807875,0.9078701576026627,5.407490945428223,0.06123376167360016,1.1443502674144321,0.5685771624639676,6.1880637094419075,4.5539560772474355,5.494106891802951
46,5623.413251903491,0.19835948639332615,0.9033203885405676,0.9608249810086474,5.457276465788003,0.06614182848270216,1.1942941072059476,0.5948884879273912,6.517593124484312,4.5539560772474355,5.494106891802951
46,10000.0,0.2033670872430246,0.9261247828624812,0.9850810832944228,5.480080860109917,0.0697759326934208,1.2288383596778618,0.6130567967620777,6.734133575039516,4.5539560772474355,5.494106891802951
47,0.0,0.0,0.0,0.0,4.5539560772474355,0.06542803774908858,1.1677245023950613,0.366561661305768,5.317766094232727,4.5539560772474355,5.494106891802951
47,1e-05,3.4913899826462635e-08,1.589963662951277e-07,1.6911793707299823e-07,4.553956236243802,0.06542796328414616,1.1677236038671426,0.366561685242253,5.317762188039861,4.5539560772474355,5.494106891802951
47,1.778279410038923e-05,8.333716876524485e-08,3.795138061590819e-07,4.036733258998541e-07,4.553956456761242,0.06542779504764806,1.1677215738488682,0.36656171844063146,5.317753200928452,4.5539560772474355,5.494106891802951
47,3.1622776601683795e-05,1.5937500136520917e-07,7.257867560284126e-07,7.719897114289584e-07,4.5539568030341915,0.06542749900958844,1.1677180017184963,0.3665617705713745,5.317737337951438,4.5539560772474355,5.494106891802951
47,5.623413251903491e-05,2.7525072015624317e-07,1.2534796898222567e-06,1.3332751197103166e-06,4.553957330727125,0.06542707633588757,1.167712901544303,0.3665618500148906,5.317714728172321,4.5539560772474355,5.494106891802951
47,0.0001,5.10172846804395e-07,2.323304736151499e-06,2.471204300609909e-06,4.553958400552172,0.06542616033806026,1.1677018486937045,0.366562011077278,5.317665643198996,4.5539560772474355,5.494106891802951
47,0.00017782794100389227,9.11241844543877e-07,4.149755335802752e-06,4.413925161320711e-06,4.553960227002771,0.06542462946366052,1.1676833764547938,0.3665622860541338,5.317583654107435,4.5539560772474355,5.494106891802951
47,0.00031622776601683794,1.6275857592108786e-06,7.411954059399761e-06,7.883792626296861e-06,4.553963489201495,0.06542186118040931,1.1676499730509944,0.36656277720088154,5.3174353454413374,4.5539560772474355,5.494106891802951
47,0.0005623413251903491,2.902328210729188e-06,1.321707519341686e-05,1.4058462736816995e-05,4.553969294322629,0.06541694248181114,1.1675906216736616,0.36656365124711304,5.317171839440924,4.5539560772474355,5.494106891802951
47,0.001,5.170364479909589e-06,2.354561274486855e-05,2.5044506030663223e-05,4.55397962286018,0.06540826238493401,1.1674858832962232,0.366565206498936,5.316706922507919,4.5539560772474355,5.494106891802951
47,0.0017782794100389228,9.197638252708465e-06,4.18856406172452e-05,4.455204417075136e-05,4.553997962888053,0.06539281255311519,1.1672994573974949,0.36656796854990054,5.315879351068521,4.5539560772474355,5.494106891802951
47,0.0031622776601683794,1.63410224988251e-05,7.441629871696165e-05,7.915357575065675e-05,4.554030493546152,0.06536539161443637,1.166968580099941,0.3665728691397346,5.314410498785387,4.5539560772474355,5.494106891802951
47,0.005623413251903491,2.9008718833522977e-05,0.0001321044314250841,0.00014051408495299814,4.5540881816788605,0.06531682514181368,1.1663825431171204,0.3665815639608207,5.311808954926212,4.5539560772474355,5.494106891802951
47,0.01,5.1406792137258317e-05,0.0002341042734652632,0.0002490071484711131,4.554190181520901,0.06523115176992511,1.1653487325064396,0.3665969511216756,5.307219755628654,4.5539560772474355,5.494106891802951
47,0.01778279410038923,9.08361324781424e-05,0.00041366375753248974,0.0004399972335588112,4.554369741004968,0.06508091152403264,1.1635357528741308,0.3666240804846472,5.299172025467375,4.5539560772474355,5.494106891802951
47,0.03162277660168379,0.0001597234513735805,0.0007273735820616523,0.0007736775534311906,4.554683450829497,0.0648203243208347,1.160391053427168,0.3666716048640527,5.285213927535329,4.5539560772474355,5.494106891802951
47,0.05623413251903491,0.0002786289029414268,0.0012688637858468965,0.0013496385539449752,4.555224941033282,0.06437546465008674,1.1550222099504268,0.366754006271694,5.261385978213564,4.5539560772474355,5.494106891802951
47,0.1,0.00047988929569642253,0.002185394774542715,0.0023245151104569596,4.556141472021978,0.0636380246459025,1.146121345372442,0.3668945031198651,5.221890993621008,4.5539560772474355,5.494106891802951
47,0.1778279410038923,0.0008107989755019537,0.0036923429219131165,0.003927394269885074,4.557648420169349,0.062468741434395195,1.1320061148703298,0.3671281118690801,5.159285881060801,4.5539560772474355,5.494106891802951
47,0.31622776601683794,0.0013343156813762807,0.006076415006170066,0.006463234315276186,4.5600324922536055,0.06073142419156911,1.1110309328116248,0.3675035740000079,5.066337153519841,4.5539560772474355,5.494106891802951
47,0.5623413251903491,0.002126758356615824,0.0096851641429474,0.010301713292166163,4.563641241390383,0.058361405308270616,1.0824174409166394,0.36808328454734657,4.939764873767413,4.5539560772474355,5.494106891802951
47,1.0,0.003276439777137187,0.014920762834829127,0.01587060565584189,4.568876840082265,0.05543528769614384,1.047107310722452,0.36894285662502274,4.784104341040634,4.5539560772474355,5.494106891802951
47,1.7782794100389228,0.004888934659257011,0.022263993702789087,0.023681300231936785,4.5762200709502245,0.052179125198872245,1.0078754035992015,0.3701740730289999,4.612259650967724,4.5539560772474355,5.494106891802951
47,3.1622776601683795,0.007099407191174734,0.032330388523104325,0.03438851301574363,4.58628646577054,0.04889568368091289,0.9684591073371935,0.3718932895846239,4.441630896632789,4.5539560772474355,5.494106891802951
47,5.623413251903491,0.010088038114950872,0.04594048248108429,0.048865013750803404,4.59989655972852,0.045867204812527,0.9323789545308231,0.374254546097734,4.288846745309607,4.5539560772474355,5.494106891802951
47,10.0,0.014096288987427237,0.06419388090093037,0.0682804076825482,4.618149958148366,0.04329773759882971,0.9022303154140241,0.3774664339282179,4.166634893369462,4.5539560772474355,5.494106891802951
47,17.78279410038923,0.01944488599816071,0.08855115676270753,0.09418824660017205,4.642507234010143,0.04130810884392864,0.8796136382331163,0.3818136827427622,4.083612678631224,4.5539560772474355,5.494106891802951
47,31.622776601683793,0.02655469234204121,0.1209289025704745,0.12862713162424613,4.67488497981791,0.03996241867838984,0.8654507842788591,0.38768597526875215,4.045882872196869,4.5539560772474355,5.494106891802951
47,56.23413251903491,0.03596967393221157,0.16380431520020355,0.17423195583534856,4.717760392447639,0.03930332018139285,0.8604071400213312,0.3956172232284513,4.0591947265717865,4.5539560772474355,5.494106891802951
47,100.0,0.04837735945517016,0.22030837009205584,0.2343330098546085,4.774264447339491,0.039385794653349904,0.8652833448733912,0.40633847100427306,4.131091510304027,4.5539560772474355,5.494106891802951
47,177.82794100389228,0.06461216101303034,0.29424094330937933,0.3129720665598642,4.848197020556815,0.0403077584040815,0.8813358499444118,0.4208441693522516,4.2728898418104055,4.5539560772474355,5.494106891802951
47,316.22776601683796,0.08556349254946005,0.38965238688612924,0.4144573198826074,4.943608464133565,0.04223656747392093,0.9104637990691344,0.4404346860872519,4.500976543365375,4.5539560772474355,5.494106891802951
47,562.341325190349,0.11159045505898317,0.5081780309786632,0.5405282036785977,5.062134108226099,0.045400179494365894,0.9547345367563753,0.4664636873629182,4.832994262815891,4.5539560772474355,5.494106891802951
47,1000.0,0.1408133031383397,0.6412575975841275,0.6820795000718063,5.195213674831563,0.0499305136649768,1.0138409661747345,0.4990626853853043,5.267120451575424,4.5539560772474355,5.494106891802951
47,1778.2794100389228,0.16791508571329133,0.7646779250455671,0.8133566585347176,5.3186340022930025,0.05550855693546041,1.0810702598233175,0.5350827701918406,5.749817042764027,4.5539560772474355,5.494106891802951
47,3162.2776601683795,0.18742711912511303,0.8535348681807875,0.9078701576026627,5.407490945428223,0.06123376167360016,1.1443502674144321,0.5685771624639676,6.1880637094419075,4.5539560772474355,5.494106891802951
47,5623.413251903491,0.19835948639332615,0.9033203885405676,0.9608249810086474,5.457276465788003,0.06614182848270216,1.1942941072059476,0.5948884879273912,6.517593124484312,4.5539560772474355,5.494106891802951
47,10000.0,0.2033670872430246,0.9261247828624812,0.9850810832944228,5.480080860109917,0.0697759326934208,1.2288383596778618,0.6130567967620777,6.734133575039516,4.5539560772474355,5.494106891802951
48,0.0,0.0,0.0,0.0,4.5539560772474355,0.06542803774908858,1.1677245023950613,0.366561661305768,5.317766094232727,4.5539560772474355,5.494106891802951
48,1e-05,3.4913899826462635e-08,1.589963662951277e-07,1.6911793707299823e-07,4.553956236243802,0.06542796328414616,1.1677236038671426,0.366561685242253,5.317762188039861,4.5539560772474355,5.494106891802951
48,1.778279410038923e-05,8.333716876524485e-08,3.795138061590819e-07,4.036733258998541e-07,4.553956456761242,0.06542779504764806,1.1677215738488682,0.36656171844063146,5.317753200928452,4.5539560772474355,5.494106891802951
48,3.1622776601683795e-05,1.5937500136520917e-07,7.257867560284126e-07,7.719897114289584e-07,4.5539568030341915,0.06542749900958844,1.1677180017184963,0.3665617705713745,5.317737337951438,4.5539560772474355,5.494106891802951
48,5.623413251903491e-05,2.7525072015624317e-07,1.2534796898222567e-06,1.3332751197103166e-06,4.553957330727125,0.06542707633588757,1.167712901544303,0.3665618500148906,5.317714728172321,4.5539560772474355,5.494106891802951
48,0.0001,5.10172846804395e-07,2.323304736151499e-06,2.471204300609909e-06,4.553958400552172,0.06542616033806026,1.1677018486937045,0.366562011077278,5.317665643198996,4.5539560772474355,5.494106891802951
48,0.00017782794100389227,9.11241844543877e-07,4.149755335802752e-06,4.413925161320711e-06,4.553960227002771,0.06542462946366052,1.1676833764547938,0.3665622860541338,5.317583654107435,4.5539560772474355,5.494106891802951
48,0.00031622776601683794,1.6275857592108786e-06,7.411954059399761e-06,7.883792626296861e-06,4.553963489201495,0.06542186118040931,1.1676499730509944,0.36656277720088154,5.3174353454413374,4.5539560772474355,5.494106891802951
48,0.0005623413251903491,2.902328210729188e-06,1.321707519341686e-05,1.4058462736816995e-05,4.553969294322629,0.06541694248181114,1.1675906216736616,0.36656365124711304,5.317171839440924,4.5539560772474355,5.494106891802951
48,0.001,5.170364479909589e-06,2.354561274486855e-05,2.5044506030663223e-05,4.55397962286018,0.06540826238493401,1.1674858832962232,0.366565206498936,5.316706922507919,4.5539560772474355,5.494106891802951
48,0.0017782794100389228,9.197638252708465e-06,4.18856406172452e-05,4.455204417075136e-05,4.553997962888053,0.06539281255311519,1.1672994573974949,0.36656796854990054,5.315879351068521,4.5539560772474355,5.494106891802951
48,0.0031622776601683794,1.63410224988251e-05,7.441629871696165e-05,7.915357575065675e-05,4.554030493546152,0.06536539161443637,1.166968580099941,0.3665728691397346,5.314410498785387,4.5539560772474355,5.494106891802951
48,0.005623413251903491,2.9008718833522977e-05,0.0001321044314250841,0.00014051408495299814,4.5540881816788605,0.06531682514181368,1.1663825431171204,0.3665815639608207,5.311808954926212,4.5539560772474355,5.494106891802951
48,0.01,5.1406792137258317e-05,0.0002341042734652632,0.0002490071484711131,4.554190181520901,0.06523115176992511,1.1653487325064396,0.3665969511216756,5.307219755628654,4.5539560772474355,5.494106891802951
48,0.01778279410038923,9.08361324781424e-05,0.00041366375753248974,0.0004399972335588112,4.554369741004968,0.06508091152403264,1.1635357528741308,0.3666240804846472,5.299172025467375,4.5539560772474355,5.494106891802951
48,0.03162277660168379,0.0001597234513735805,0.0007273735820616523,0.0007736775534311906,4.554683450829497,0.0648203243208347,1.160391053427168,0.3666716048640527,5.285213927535329,4.5539560772474355,5.494106891802951
48,0.05623413251903491,0.0002786289029414268,0.0012688637858468965,0.0013496385539449752,4.555224941033282,0.06437546465008674,1.1550222099504268,0.366754006271694,5.261385978213564,4.5539560772474355,5.494106891802951
48,0.1,0.00047988929569642253,0.002185394774542715,0.0023245151104569596,4.556141472021978,0.0636380246459025,1.146121345372442,0.3668945031198651,5.221890993621008,4.5539560772474355,5.494106891802951
48,0.1778279410038923,0.0008107989755019537,0.0036923429219131165,0.003927394269885074,4.557648420169349,0.062468741434395195,1.1320061148703298,0.3671281118690801,5.159285881060801,4.5539560772474355,5.494106891802951
48,0.31622776601683794,0.0013343156813762807,0.006076415006170066,0.006463234315276186,4.5600324922536055,0.06073142419156911,1.1110309328116248,0.3675035740000079,5.066337153519841,4.5539560772474355,5.494106891802951
48,0.5623413251903491,0.002126758356615824,0.0096851641429474,0.010301713292166163,4.563641241390383,0.058361405308270616,1.0824174409166394,0.36808328454734657,4.939764873767413,4.5539560772474355,5.494106891802951
48,1.0,0.003276439777137187,0.014920762834829127,0.01587060565584189,4.568876840082265,0.05543528769614384,1.047107310722452,0.36894285662502274,4.784104341040634,4.5539560772474355,5.494106891802951
48,1.7782794100389228,0.004888934659257011,0.022263993702789087,0.023681300231936785,4.5762200709502245,0.052179125198872245,1.0078754035992015,0.3701740730289999,4.612259650967724,4.5539560772474355,5.494106891802951
48,3.1622776601683795,0.007099407191174734,0.032330388523104325,0.03438851301574363,4.58628646577054,0.04889568368091289,0.9684591073371935,0.3718932895846239,4.441630896632789,4.5539560772474355,5.494106891802951
48,5.623413251903491,0.010088038114950872,0.04594048248108429,0.048865013750803404,4.59989655972852,0.045867204812527,0.9323789545308231,0.374254546097734,4.288846745309607,4.5539560772474355,5.494106891802951
48,10.0,0.014096288987427237,0.06419388090093037,0.0682804076825482,4.618149958148366,0.04329773759882971,0.9022303154140241,0.3774664339282179,4.166634893369462,4.5539560772474355,5.494106891802951
48,17.78279410038923,0.01944488599816071,0.08855115676270753,0.09418824660017205,4.642507234010143,0.04130810884392864,0.8796136382331163,0.3818136827427622,4.083612678631224,4.5539560772474355,5.494106891802951
48,31.622776601683793,0.02655469234204121,0.1209289025704745,0.12862713162424613,4.67488497981791,0.03996241867838984,0.8654507842788591,0.38768597526875215,4.045882872196869,4.5539560772474355,5.494106891802951
48,56.23413251903491,0.03596967393221157,0.16380431520020355,0.17423195583534856,4.717760392447639,0.03930332018139285,0.8604071400213312,0.3956172232284513,4.0591947265717865,4.5539560772474355,5.494106891802951
48,100.0,0.04837735945517016,0.22030837009205584,0.2343330098546085,4.774264447339491,0.039385794653349904,0.8652833448733912,0.40633847100427306,4.131091510304027,4.5539560772474355,5.494106891802951
48,177.82794100389228,0.06461216101303034,0.29424094330937933,0.3129720665598642,4.848197020556815,0.0403077584040815,0.8813358499444118,0.4208441693522516,4.2728898418104055,4.5539560772474355,5.494106891802951
48,316.22776601683796,0.08556349254946005,0.38965238688612924,0.4144573198826074,4.943608464133565,0.04223656747392093,0.9104637990691344,0.4404346860872519,4.500976543365375,4.5539560772474355,5.494106891802951
48,562.341325190349,0.11159045505898317,0.5081780309786632,0.5405282036785977,5.062134108226099,0.045400179494365894,0.9547345367563753,0.4664636873629182,4.832994262815891,4.5539560772474355,5.494106891802951
48,1000.0,0.1408133031383397,0.6412575975841275,0.6820795000718063,5.195213674831563,0.0499305136649768,1.0138409661747345,0.4990626853853043,5.267120451575424,4.5539560772474355,5.494106891802951
48,1778.2794100389228,0.16791508571329133,0.7646779250455671,0.8133566585347176,5.3186340022930025,0.05550855693546041,1.0810702598233175,0.5350827701918406,5.749817042764027,4.5539560772474355,5.494106891802951
48,3162.2776601683795,0.18742711912511303,0.8535348681807875,0.9078701576026627,5.407490945428223,0.06123376167360016,1.1443502674144321,0.5685771624639676,6.1880637094419075,4.5539560772474355,5.494106891802951
48,5623.413251903491,0.19835948639332615,0.9033203885405676,0.9608249810086474,5.457276465788003,0.06614182848270216,1.1942941072059476,0.5948884879273912,6.517593124484312,4.5539560772474355,5.494106891802951
48,10000.0,0.2033670872430246,0.9261247828624812,0.9850810832944228,5.480080860109917,0.0697759326934208,1.2288383596778618,0.6130567967620777,6.734133575039516,4.5539560772474355,5.494106891802951
49,0.0,0.0,0.0,0.0,4.5539560772474355,0.06542803774908858,1.1677245023950613,0.366561661305768,5.317766094232727,4.5539560772474355,5.494106891802951
49,1e-05,3.4913899826462635e-08,1.589963662951277e-07,1.6911793707299823e-07,4.553956236243802,0.06542796328414616,1.1677236038671426,0.366561685242253,5.317762188039861,4.5539560772474355,5.494106891802951
49,1.778279410038923e-05,8.333716876524485e-08,3.795138061590819e-07,4.036733258998541e-07,4.553956456761242,0.06542779504764806,1.1677215738488682,0.36656171844063146,5.317753200928452,4.5539560772474355,5.494106891802951
49,3.1622776601683795e-05,1.5937500136520917e-07,7.257867560284126e-07,7.719897114289584e-07,4.5539568030341915,0.06542749900958844,1.1677180017184963,0.3665617705713745,5.317737337951438,4.5539560772474355,5.494106891802951
49,5.623413251903491e-05,2.7525072015624317e-07,1.2534796898222567e-06,1.3332751197103166e-06,4.553957330727125,0.06542707633588757,1.167712901544303,0.3665618500148906,5.317714728172321,4.5539560772474355,5.494106891802951
49,0.0001,5.10172846804395e-07,2.323304736151499e-06,2.471204300609909e-06,4.553958400552172,0.06542616033806026,1.1677018486937045,0.366562011077278,5.317665643198996,4.5539560772474355,5.494106891802951
49,0.00017782794100389227,9.11241844543877e-07,4.149755335802752e-06,4.413925161320711e-06,4.553960227002771,0.06542462946366052,1.1676833764547938,0.3665622860541338,5.317583654107435,4.5539560772474355,5.494106891802951
49,0.00031622776601683794,1.6275857592108786e-06,7.411954059399761e-06,7.883792626296861e-06,4.553963489201495,0.06542186118040931,1.1676499730509944,0.36656277720088154,5.3174353454413374,4.5539560772474355,5.494106891802951
49,0.0005623413251903491,2.902328210729188e-06,1.321707519341686e-05,1.4058462736816995e-05,4.553969294322629,0.06541694248181114,1.1675906216736616,0.36656365124711304,5.317171839440924,4.5539560772474355,5.494106891802951
49,0.001,5.170364479909589e-06,2.354561274486855e-05,2.5044506030663223e-05,4.55397962286018,0.06540826238493401,1.1674858832962232,0.366565206498936,5.316706922507919,4.5539560772474355,5.494106891802951
49,0.0017782794100389228,9.197638252708465e-06,4.18856406172452e-05,4.455204417075136e-05,4.553997962888053,0.06539281255311519,1.1672994573974949,0.36656796854990054,5.315879351068521,4.5539560772474355,5.494106891802951
49,0.0031622776601683794,1.63410224988251e-05,7.441629871696165e-05,7.915357575065675e-05,4.554030493546152,0.06536539161443637,1.166968580099941,0.3665728691397346,5.314410498785387,4.5539560772474355,5.494106891802951
49,0.005623413251903491,2.9008718833522977e-05,0.0001321044314250841,0.00014051408495299814,4.5540881816788605,0.06531682514181368,1.1663825431171204,0.3665815639608207,5.311808954926212,4.5539560772474355,5.494106891802951
49,0.01,5.1406792137258317e-05,0.0002341042734652632,0.0002490071484711131,4.554190181520901,0.06523115176992511,1.1653487325064396,0.3665969511216756,5.307219755628654,4.5539560772474355,5.494106891802951
49,0.01778279410038923,9.08361324781424e-05,0.00041366375753248974,0.0004399972335588112,4.554369741004968,0.06508091152403264,1.1635357528741308,0.3666240804846472,5.299172025467375,4.5539560772474355,5.494106891802951
49,0.03162277660168379,0.0001597234513735805,0.0007273735820616523,0.0007736775534311906,4.554683450829497,0.0648203243208347,1.160391053427168,0.3666716048640527,5.285213927535329,4.5539560772474355,5.494106891802951
49,0.05623413251903491,0.0002786289029414268,0.0012688637858468965,0.0013496385539449752,4.555224941033282,0.06437546465008674,1.1550222099504268,0.366754006271694,5.261385978213564,4.5539560772474355,5.494106891802951
49,0.1,0.00047988929569642253,0.002185394774542715,0.0023245151104569596,4.556141472021978,0.0636380246459025,1.146121345372442,0.3668945031198651,5.221890993621008,4.5539560772474355,5.494106891802951
49,0.1778279410038923,0.0008107989755019537,0.0036923429219131165,0.003927394269885074,4.557648420169349,0.062468741434395195,1.1320061148703298,0.3671281118690801,5.159285881060801,4.5539560772474355,5.494106891802951
49,0.31622776601683794,0.0013343156813762807,0.006076415006170066,0.006463234315276186,4.5600324922536055,0.06073142419156911,1.1110309328116248,0.3675035740000079,5.066337153519841,4.5539560772474355,5.494106891802951
49,0.5623413251903491,0.002126758356615824,0.0096851641429474,0.010301713292166163,4.563641241390383,0.058361405308270616,1.0824174409166394,0.36808328454734657,4.939764873767413,4.5539560772474355,5.494106891802951
49,1.0,0.003276439777137187,0.014920762834829127,0.01587060565584189,4.568876840082265,0.05543528769614384,1.047107310722452,0.36894285662502274,4.784104341040634,4.5539560772474355,5.494106891802951
49,1.7782794100389228,0.004888934659257011,0.022263993702789087,0.023681300231936785,4.5762200709502245,0.052179125198872245,1.0078754035992015,0.3701740730289999,4.612259650967724,4.5539560772474355,5.494106891802951
49,3.1622776601683795,0.007099407191174734,0.032330388523104325,0.03438851301574363,4.58628646577054,0.04889568368091289,0.9684591073371935,0.3718932895846239,4.441630896632789,4.5539560772474355,5.494106891802951
49,5.623413251903491,0.010088038114950872,0.04594048248108429,0.048865013750803404,4.59989655972852,0.045867204812527,0.9323789545308231,0.374254546097734,4.288846745309607,4.5539560772474355,5.494106891802951
49,10.0,0.014096288987427237,0.06419388090093037,0.0682804076825482,4.618149958148366,0.04329773759882971,0.9022303154140241,0.3774664339282179,4.166634893369462,4.5539560772474355,5.494106891802951
49,17.78279410038923,0.01944488599816071,0.08855115676270753,0.09418824660017205,4.642507234010143,0.04130810884392864,0.8796136382331163,0.3818136827427622,4.083612678631224,4.5539560772474355,5.494106891802951
49,31.622776601683793,0.02655469234204121,0.1209289025704745,0.12862713162424613,4.67488497981791,0.03996241867838984,0.8654507842788591,0.38768597526875215,4.045882872196869,4.5539560772474355,5.494106891802951
49,56.23413251903491,0.03596967393221157,0.16380431520020355,0.17423195583534856,4.717760392447639,0.03930332018139285,0.8604071400213312,0.3956172232284513,4.0591947265717865,4.5539560772474355,5.494106891802951
49,100.0,0.04837735945517016,0.22030837009205584,0.2343330098546085,4.774264447339491,0.039385794653349904,0.8652833448733912,0.40633847100427306,4.131091510304027,4.5539560772474355,5.494106891802951
49,177.82794100389228,0.06461216101303034,0.29424094330937933,0.3129720665598642,4.848197020556815,0.0403077584040815,0.8813358499444118,0.4208441693522516,4.2728898418104055,4.5539560772474355,5.494106891802951
49,316.22776601683796,0.08556349254946005,0.38965238688612924,0.4144573198826074,4.943608464133565,0.04223656747392093,0.9104637990691344,0.4404346860872519,4.500976543365375,4.5539560772474355,5.494106891802951
49,562.341325190349,0.11159045505898317,0.5081780309786632,0.5405282036785977,5.062134108226099,0.045400179494365894,0.9547345367563753,0.4664636873629182,4.832994262815891,4.5539560772474355,5.494106891802951
49,1000.0,0.1408133031383397,0.6412575975841275,0.6820795000718063,5.195213674831563,0.0499305136649768,1.0138409661747345,0.4990626853853043,5.267120451575424,4.5539560772474355,5.494106891802951
49,1778.2794100389228,0.16791508571329133,0.7646779250455671,0.8133566585347176,5.3186340022930025,0.05550855693546041,1.0810702598233175,0.5350827701918406,5.749817042764027,4.5539560772474355,5.494106891802951
49,3162.2776601683795,0.18742711912511303,0.8535348681807875,0.9078701576026627,5.407490945428223,0.06123376167360016,1.1443502674144321,0.5685771624639676,6.1880637094419075,4.5539560772474355,5.494106891802951
49,5623.413251903491,0.19835948639332615,0.9033203885405676,0.9608249810086474,5.457276465788003,0.06614182848270216,1.1942941072059476,0.5948884879273912,6.517593124484312,4.5539560772474355,5.494106891802951
49,10000.0,0.2033670872430246,0.9261247828624812,0.9850810832944228,5.480080860109917,0.0697759326934208,1.2288383596778618,0.6130567967620777,6.734133575039516,4.5539560772474355,5.494106891802951
50,0.0,0.0,0.0,0.0,4.5539560772474355,0.06542803774908858,1.1677245023950613,0.366561661305768,5.317766094232727,4.5539560772474355,5.494106891802951
50,1e-05,3.4913899826462635e-08,1.589963662951277e-07,1.6911793707299823e-07,4.553956236243802,0.06542796328414616,1.1677236038671426,0.366561685242253,5.317762188039861,4.5539560772474355,5.494106891802951
50,1.778279410038923e-05,8.333716876524485e-08,3.795138061590819e-07,4.036733258998541e-07,4.553956456761242,0.06542779504764806,1.1677215738488682,0.36656171844063146,5.317753200928452,4.5539560772474355,5.494106891802951
50,3.1622776601683795e-05,1.5937500136520917e-07,7.257867560284126e-07,7.719897114289584e-07,4.5539568030341915,0.06542749900958844,1.1677180017184963,0.3665617705713745,5.317737337951438,4.5539560772474355,5.494106891802951
50,5.623413251903491e-05,2.7525072015624317e-07,1.2534796898222567e-06,1.3332751197103166e-06,4.553957330727125,0.06542707633588757,1.167712901544303,0.3665618500148906,5.317714728172321,4.5539560772474355,5.494106891802951
50,0.0001,5.10172846804395e-07,2.323304736151499e-06,2.471204300609909e-06,4.553958400552172,0.06542616033806026,1.1677018486937045,0.366562011077278,5.317665643198996,4.5539560772474355,5.494106891802951
50,0.00017782794100389227,9.11241844543877e-07,4.149755335802752e-06,4.413925161320711e-06,4.553960227002771,0.06542462946366052,1.1676833764547938,0.3665622860541338,5.317583654107435,4.5539560772474355,5.494106891802951
50,0.00031622776601683794,1.6275857592108786e-06,7.411954059399761e-06,7.883792626296861e-06,4.553963489201495,0.06542186118040931,1.1676499730509944,0.36656277720088154,5.3174353454413374,4.5539560772474355,5.494106891802951
50,0.0005623413251903491,2.902328210729188e-06,1.321707519341686e-05,1.4058462736816995e-05,4.553969294322629,0.06541694248181114,1.1675906216736616,0.36656365124711304,5.317171839440924,4.5539560772474355,5.494106891802951
50,0.001,5.170364479909589e-06,2.354561274486855e-05,2.5044506030663223e-05,4.55397962286018,0.06540826238493401,1.1674858832962232,0.366565206498936,5.316706922507919,4.5539560772474355,5.494106891802951
50,0.0017782794100389228,9.197638252708465e-06,4.18856406172452e-05,4.455204417075136e-05,4.553997962888053,0.06539281255311519,1.1672994573974949,0.36656796854990054,5.315879351068521,4.5539560772474355,5.494106891802951
50,0.0031622776601683794,1.63410224988251e-05,7.441629871696165e-05,7.915357575065675e-05,4.554030493546152,0.06536539161443637,1.166968580099941,0.3665728691397346,5.314410498785387,4.5539560772474355,5.494106891802951
50,0.005623413251903491,2.9008718833522977e-05,0.0001321044314250841,0.00014051408495299814,4.5540881816788605,0.06531682514181368,1.1663825431171204,0.3665815639608207,5.311808954926212,4.5539560772474355,5.494106891802951
50,0.01,5.1406792137258317e-05,0.0002341042734652632,0.0002490071484711131,4.554190181520901,0.06523115176992511,1.1653487325064396,0.3665969511216756,5.307219755628654,4.5539560772474355,5.494106891802951
50,0.01778279410038923,9.08361324781424e-05,0.00041366375753248974,0.0004399972335588112,4.554369741004968,0.06508091152403264,1.1635357528741308,0.3666240804846472,5.299172025467375,4.5539560772474355,5.494106891802951
50,0.03162277660168379,0.0001597234513735805,0.0007273735820616523,0.0007736775534311906,4.554683450829497,0.0648203243208347,1.160391053427168,0.3666716048640527,5.285213927535329,4.5539560772474355,5.494106891802951
50,0.05623413251903491,0.0002786289029414268,0.0012688637858468965,0.0013496385539449752,4.555224941033282,0.06437546465008674,1.1550222099504268,0.366754006271694,5.261385978213564,4.5539560772474355,5.494106891802951
50,0.1,0.00047988929569642253,0.002185394774542715,0.0023245151104569596,4.556141472021978,0.0636380246459025,1.146121345372442,0.3668945031198651,5.221890993621008,4.5539560772474355,5.494106891802951
50,0.1778279410038923,0.0008107989755019537,0.0036923429219131165,0.003927394269885074,4.557648420169349,0.062468741434395195,1.1320061148703298,0.3671281118690801,5.159285881060801,4.5539560772474355,5.494106891802951
50,0.31622776601683794,0.0013343156813762807,0.006076415006170066,0.006463234315276186,4.5600324922536055,0.06073142419156911,1.1110309328116248,0.3675035740000079,5.066337153519841,4.5539560772474355,5.494106891802951
50,0.5623413251903491,0.002126758356615824,0.0096851641429474,0.010301713292166163,4.563641241390383,0.058361405308270616,1.0824174409166394,0.36808328454734657,4.939764873767413,4.5539560772474355,5.494106891802951
50,1.0,0.003276439777137187,0.014920762834829127,0.01587060565584189,4.568876840082265,0.05543528769614384,1.047107310722452,0.36894285662502274,4.784104341040634,4.5539560772474355,5.494106891802951
50,1.7782794100389228,0.004888934659257011,0.022263993702789087,0.023681300231936785,4.5762200709502245,0.052179125198872245,1.0078754035992015,0.3701740730289999,4.612259650967724,4.5539560772474355,5.494106891802951
50,3.1622776601683795,0.007099407191174734,0.032330388523104325,0.03438851301574363,4.58628646577054,0.04889568368091289,0.9684591073371935,0.3718932895846239,4.441630896632789,4.5539560772474355,5.494106891802951
50,5.623413251903491,0.010088038114950872,0.04594048248108429,0.048865013750803404,4.59989655972852,0.045867204812527,0.9323789545308231,0.374254546097734,4.288846745309607,4.5539560772474355,5.494106891802951
50,10.0,0.014096288987427237,0.06419388090093037,0.0682804076825482,4.618149958148366,0.04329773759882971,0.9022303154140241,0.3774664339282179,4.166634893369462,4.5539560772474355,5.494106891802951
50,17.78279410038923,0.01944488599816071,0.08855115676270753,0.09418824660017205,4.642507234010143,0.04130810884392864,0.8796136382331163,0.3818136827427622,4.083612678631224,4.5539560772474355,5.494106891802951
50,31.622776601683793,0.02655469234204121,0.1209289025704745,0.12862713162424613,4.67488497981791,0.03996241867838984,0.8654507842788591,0.38768597526875215,4.045882872196869,4.5539560772474355,5.494106891802951
50,56.23413251903491,0.03596967393221157,0.16380431520020355,0.17423195583534856,4.717760392447639,0.03930332018139285,0.8604071400213312,0.3956172232284513,4.0591947265717865,4.5539560772474355,5.494106891802951
50,100.0,0.04837735945517016,0.22030837009205584,0.2343330098546085,4.774264447339491,0.039385794653349904,0.8652833448733912,0.40633847100427306,4.131091510304027,4.5539560772474355,5.494106891802951
50,177.82794100389228,0.06461216101303034,0.29424094330937933,0.3129720665598642,4.848197020556815,0.0403077584040815,0.8813358499444118,0.4208441693522516,4.2728898418104055,4.5539560772474355,5.494106891802951
50,316.22776601683796,0.08556349254946005,0.38965238688612924,0.4144573198826074,4.943608464133565,0.04223656747392093,0.9104637990691344,0.4404346860872519,4.500976543365375,4.5539560772474355,5.494106891802951
50,562.341325190349,0.11159045505898317,0.5081780309786632,0.5405282036785977,5.062134108226099,0.045400179494365894,0.9547345367563753,0.4664636873629182,4.832994262815891,4.5539560772474355,5.494106891802951
50,1000.0,0.1408133031383397,0.6412575975841275,0.6820795000718063,5.195213674831563,0.0499305136649768,1.0138409661747345,0.4990626853853043,5.267120451575424,4.5539560772474355,5.494106891802951
50,1778.2794100389228,0.16791508571329133,0.7646779250455671,0.8133566585347176,5.3186340022930025,0.05550855693546041,1.0810702598233175,0.5350827701918406,5.749817042764027,4.5539560772474355,5.494106891802951
50,3162.2776601683795,0.18742711912511303,0.8535348681807875,0.9078701576026627,5.407490945428223,0.06123376167360016,1.1443502674144321,0.5685771624639676,6.1880637094419075,4.5539560772474355,5.494106891802951
50,5623.413251903491,0.19835948639332615,0.9033203885405676,0.9608249810086474,5.457276465788003,0.06614182848270216,1.1942941072059476,0.5948884879273912,6.517593124484312,4.5539560772474355,5.494106891802951
50,10000.0,0.2033670872430246,0.9261247828624812,0.9850810832944228,5.480080860109917,0.0697759326934208,1.2288383596778618,0.6130567967620777,6.734133575039516,4.5539560772474355,5.494106891802951
51,0.0,0.0,0.0,0.0,4.5539560772474355,0.06542803774908858,1.1677245023950613,0.366561661305768,5.317766094232727,4.5539560772474355,5.494106891802951
51,1e-05,3.4913899826462635e-08,1.589963662951277e-07,1.6911793707299823e-07,4.553956236243802,0.06542796328414616,1.1677236038671426,0.366561685242253,5.317762188039861,4.5539560772474355,5.494106891802951
51,1.778279410038923e-05,8.333716876524485e-08,3.795138061590819e-07,4.036733258998541e-07,4.553956456761242,0.06542779504764806,1.1677215738488682,0.36656171844063146,5.317753200928452,4.5539560772474355,5.494106891802951
51,3.1622776601683795e-05,1.5937500136520917e-07,7.257867560284126e-07,7.719897114289584e-07,4.5539568030341915,0.06542749900958844,1.1677180017184963,0.3665617705713745,5.317737337951438,4.5539560772474355,5.494106891802951
51,5.623413251903491e-05,2.7525072015624317e-07,1.2534796898222567e-06,1.3332751197103166e-06,4.553957330727125,0.06542707633588757,1.167712901544303,0.3665618500148906,5.317714728172321,4.5539560772474355,5.494106891802951
51,0.0001,5.10172846804395e-07,2.323304736151499e-06,2.471204300609909e-06,4.553958400552172,0.06542616033806026,1.1677018486937045,0.366562011077278,5.317665643198996,4.5539560772474355,5.494106891802951
51,0.00017782794100389227,9.11241844543877e-07,4.149755335802752e-06,4.413925161320711e-06,4.553960227002771,0.06542462946366052,1.1676833764547938,0.3665622860541338,5.317583654107435,4.5539560772474355,5.494106891802951
51,0.00031622776601683794,1.6275857592108786e-06,7.411954059399761e-06,7.883792626296861e-06,4.553963489201495,0.06542186118040931,1.1676499730509944,0.36656277720088154,5.3174353454413374,4.5539560772474355,5.494106891802951
51,0.0005623413251903491,2.902328210729188e-06,1.321707519341686e-05,1.4058462736816995e-05,4.553969294322629,0.06541694248181114,1.1675906216736616,0.36656365124711304,5.317171839440924,4.5539560772474355,5.494106891802951
51,0.001,5.170364479909589e-06,2.354561274486855e-05,2.5044506030663223e-05,4.55397962286018,0.06540826238493401,1.1674858832962232,0.366565206498936,5.316706922507919,4.5539560772474355,5.494106891802951
51,0.0017782794100389228,9.197638252708465e-06,4.18856406172452e-05,4.455204417075136e-05,4.553997962888053,0.06539281255311519,1.1672994573974949,0.36656796854990054,5.315879351068521,4.5539560772474355,5.494106891802951
51,0.0031622776601683794,1.63410224988251e-05,7.441629871696165e-05,7.915357575065675e-05,4.554030493546152,0.06536539161443637,1.166968580099941,0.3665728691397346,5.314410498785387,4.5539560772474355,5.494106891802951
51,0.005623413251903491,2.9008718833522977e-05,0.0001321044314250841,0.00014051408495299814,4.5540881816788605,0.06531682514181368,1.1663825431171204,0.3665815639608207,5.311808954926212,4.5539560772474355,5.494106891802951
51,0.01,5.1406792137258317e-05,0.0002341042734652632,0.0002490071484711131,4.554190181520901,0.06523115176992511,1.1653487325064396,0.3665969511216756,5.307219755628654,4.5539560772474355,5.494106891802951
51,0.01778279410038923,9.08361324781424e-05,0.00041366375753248974,0.0004399972335588112,4.554369741004968,0.06508091152403264,1.1635357528741308,0.3666240804846472,5.299172025467375,4.5539560772474355,5.494106891802951
51,0.03162277660168379,0.0001597234513735805,0.0007273735820616523,0.0007736775534311906,4.554683450829497,0.0648203243208347,1.160391053427168,0.3666716048640527,5.285213927535329,4.5539560772474355,5.494106891802951
51,0.05623413251903491,0.0002786289029414268,0.0012688637858468965,0.0013496385539449752,4.555224941033282,0.06437546465008674,1.1550222099504268,0.366754006271694,5.261385978213564,4.5539560772474355,5.494106891802951
51,0.1,0.00047988929569642253,0.002185394774542715,0.0023245151104569596,4.556141472021978,0.0636380246459025,1.146121345372442,0.3668945031198651,5.221890993621008,4.5539560772474355,5.494106891802951
51,0.1778279410038923,0.0008107989755019537,0.0036923429219131165,0.003927394269885074,4.557648420169349,0.062468741434395195,1.1320061148703298,0.3671281118690801,5.159285881060801,4.5539560772474355,5.494106891802951
51,0.31622776601683794,0.0013343156813762807,0.006076415006170066,0.006463234315276186,4.5600324922536055,0.06073142419156911,1.1110309328116248,0.3675035740000079,5.066337153519841,4.5539560772474355,5.494106891802951
51,0.5623413251903491,0.002126758356615824,0.0096851641429474,0.010301713292166163,4.563641241390383,0.058361405308270616,1.0824174409166394,0.36808328454734657,4.939764873767413,4.5539560772474355,5.494106891802951
51,1.0,0.003276439777137187,0.014920762834829127,0.01587060565584189,4.568876840082265,0.05543528769614384,1.047107310722452,0.36894285662502274,4.784104341040634,4.5539560772474355,5.494106891802951
51,1.7782794100389228,0.004888934659257011,0.022263993702789087,0.023681300231936785,4.5762200709502245,0.052179125198872245,1.0078754035992015,0.3701740730289999,4.612259650967724,4.5539560772474355,5.494106891802951
51,3.1622776601683795,0.007099407191174734,0.032330388523104325,0.03438851301574363,4.58628646577054,0.04889568368091289,0.9684591073371935,0.3718932895846239,4.441630896632789,4.5539560772474355,5.494106891802951
51,5.623413251903491,0.010088038114950872,0.04594048248108429,0.048865013750803404,4.59989655972852,0.045867204812527,0.9323789545308231,0.374254546097734,4.288846745309607,4.5539560772474355,5.494106891802951
51,10.0,0.014096288987427237,0.06419388090093037,0.0682804076825482,4.618149958148366,0.04329773759882971,0.9022303154140241,0.3774664339282179,4.166634893369462,4.5539560772474355,5.494106891802951
51,17.78279410038923,0.01944488599816071,0.08855115676270753,0.09418824660017205,4.642507234010143,0.04130810884392864,0.8796136382331163,0.3818136827427622,4.083612678631224,4.5539560772474355,5.494106891802951
51,31.622776601683793,0.02655469234204121,0.1209289025704745,0.12862713162424613,4.67488497981791,0.03996241867838984,0.8654507842788591,0.38768597526875215,4.045882872196869,4.5539560772474355,5.494106891802951
51,56.23413251903491,0.03596967393221157,0.16380431520020355,0.17423195583534856,4.717760392447639,0.03930332018139285,0.8604071400213312,0.3956172232284513,4.0591947265717865,4.5539560772474355,5.494106891802951
51,100.0,0.04837735945517016,0.22030837009205584,0.2343330098546085,4.774264447339491,0.039385794653349904,0.8652833448733912,0.40633847100427306,4.131091510304027,4.5539560772474355,5.494106891802951
51,177.82794100389228,0.06461216101303034,0.29424094330937933,0.3129720665598642,4.848197020556815,0.0403077584040815,0.8813358499444118,0.4208441693522516,4.2728898418104055,4.5539560772474355,5.494106891802951
51,316.22776601683796,0.08556349254946005,0.38965238688612924,0.4144573198826074,4.943608464133565,0.04223656747392093,0.9104637990691344,0.4404346860872519,4.500976543365375,4.5539560772474355,5.494106891802951
51,562.341325190349,0.11159045505898317,0.5081780309786632,0.5405282036785977,5.062134108226099,0.045400179494365894,0.9547345367563753,0.4664636873629182,4.832994262815891,4.5539560772474355,5.494106891802951
51,1000.0,0.1408133031383397,0.6412575975841275,0.6820795000718063,5.195213674831563,0.0499305136649768,1.0138409661747345,0.4990626853853043,5.267120451575424,4.5539560772474355,5.494106891802951
51,1778.2794100389228,0.16791508571329133,0.7646779250455671,0.8133566585347176,5.3186340022930025,0.05550855693546041,1.0810702598233175,0.5350827701918406,5.749817042764027,4.5539560772474355,5.494106891802951
51,3162.2776601683795,0.18742711912511303,0.8535348681807875,0.9078701576026627,5.407490945428223,0.06123376167360016,1.1443502674144321,0.5685771624639676,6.1880637094419075,4.5539560772474355,5.494106891802951
51,5623.413251903491,0.19835948639332615,0.9033203885405676,0.9608249810086474,5.457276465788003,0.06614182848270216,1.1942941072059476,0.5948884879273912,6.517593124484312,4.5539560772474355,5.494106891802951
51,10000.0,0.2033670872430246,0.9261247828624812,0.9850810832944228,5.480080860109917,0.0697759326934208,1.2288383596778618,0.6130567967620777,6.734133575039516,4.5539560772474355,5.494106891802951
52,0.0,0.0,0.0,0.0,4.5539560772474355,0.06542803774908858,1.1677245023950613,0.366561661305768,5.317766094232727,4.5539560772474355,5.494106891802951
52,1e-05,3.4913899826462635e-08,1.589963662951277e-07,1.6911793707299823e-07,4.553956236243802,0.06542796328414616,1.1677236038671426,0.366561685242253,5.317762188039861,4.5539560772474355,5.494106891802951
52,1.778279410038923e-05,8.333716876524485e-08,3.795138061590819e-07,4.036733258998541e-07,4.553956456761242,0.06542779504764806,1.1677215738488682,0.36656171844063146,5.317753200928452,4.5539560772474355,5.494106891802951
52,3.1622776601683795e-05,1.5937500136520917e-07,7.257867560284126e-07,7.719897114289584e-07,4.5539568030341915,0.06542749900958844,1.1677180017184963,0.3665617705713745,5.317737337951438,4.5539560772474355,5.494106891802951
52,5.623413251903491e-05,2.7525072015624317e-07,1.2534796898222567e-06,1.3332751197103166e-06,4.553957330727125,0.06542707633588757,1.167712901544303,0.3665618500148906,5.317714728172321,4.5539560772474355,5.494106891802951
52,0.0001,5.10172846804395e-07,2.323304736151499e-06,2.471204300609909e-06,4.553958400552172,0.06542616033806026,1.1677018486937045,0.366562011077278,5.317665643198996,4.5539560772474355,5.494106891802951
52,0.00017782794100389227,9.11241844543877e-07,4.149755335802752e-06,4.413925161320711e-06,4.553960227002771,0.06542462946366052,1.1676833764547938,0.3665622860541338,5.317583654107435,4.5539560772474355,5.494106891802951
52,0.00031622776601683794,1.6275857592108786e-06,7.411954059399761e-06,7.883792626296861e-06,4.553963489201495,0.06542186118040931,1.1676499730509944,0.36656277720088154,5.3174353454413374,4.5539560772474355,5.494106891802951
52,0.0005623413251903491,2.902328210729188e-06,1.321707519341686e-05,1.4058462736816995e-05,4.553969294322629,0.06541694248181114,1.1675906216736616,0.36656365124711304,5.317171839440924,4.5539560772474355,5.494106891802951
52,0.001,5.170364479909589e-06,2.354561274486855e-05,2.5044506030663223e-05,4.55397962286018,0.06540826238493401,1.1674858832962232,0.366565206498936,5.316706922507919,4.5539560772474355,5.494106891802951
52,0.0017782794100389228,9.197638252708465e-06,4.18856406172452e-05,4.455204417075136e-05,4.553997962888053,0.06539281255311519,1.1672994573974949,0.36656796854990054,5.315879351068521,4.5539560772474355,5.494106891802951
52,0.0031622776601683794,1.63410224988251e-05,7.441629871696165e-05,7.915357575065675e-05,4.554030493546152,0.06536539161443637,1.166968580099941,0.3665728691397346,5.314410498785387,4.5539560772474355,5.494106891802951
52,0.005623413251903491,2.9008718833522977e-05,0.0001321044314250841,0.00014051408495299814,4.5540881816788605,0.06531682514181368,1.1663825431171204,0.3665815639608207,5.311808954926212,4.5539560772474355,5.494106891802951
52,0.01,5.1406792137258317e-05,0.0002341042734652632,0.0002490071484711131,4.554190181520901,0.06523115176992511,1.1653487325064396,0.3665969511216756,5.307219755628654,4.5539560772474355,5.494106891802951
52,0.01778279410038923,9.08361324781424e-05,0.00041366375753248974,0.0004399972335588112,4.554369741004968,0.06508091152403264,1.1635357528741308,0.3666240804846472,5.299172025467375,4.5539560772474355,5.494106891802951
52,0.03162277660168379,0.0001597234513735805,0.0007273735820616523,0.0007736775534311906,4.554683450829497,0.0648203243208347,1.160391053427168,0.3666716048640527,5.285213927535329,4.5539560772474355,5.494106891802951
52,0.05623413251903491,0.0002786289029414268,0.0012688637858468965,0.0013496385539449752,4.555224941033282,0.06437546465008674,1.1550222099504268,0.366754006271694,5.261385978213564,4.5539560772474355,5.494106891802951
52,0.1,0.00047988929569642253,0.002185394774542715,0.0023245151104569596,4.556141472021978,0.0636380246459025,1.146121345372442,0.3668945031198651,5.221890993621008,4.5539560772474355,5.494106891802951
52,0.1778279410038923,0.0008107989755019537,0.0036923429219131165,0.003927394269885074,4.557648420169349,0.062468741434395195,1.1320061148703298,0.3671281118690801,5.159285881060801,4.5539560772474355,5.494106891802951
52,0.31622776601683794,0.0013343156813762807,0.006076415006170066,0.006463234315276186,4.5600324922536055,0.06073142419156911,1.1110309328116248,0.3675035740000079,5.066337153519841,4.5539560772474355,5.494106891802951
52,0.5623413251903491,0.002126758356615824,0.0096851641429474,0.010301713292166163,4.563641241390383,0.058361405308270616,1.0824174409166394,0.36808328454734657,4.939764873767413,4.5539560772474355,5.494106891802951
52,1.0,0.003276439777137187,0.014920762834829127,0.01587060565584189,4.568876840082265,0.05543528769614384,1.047107310722452,0.36894285662502274,4.784104341040634,4.5539560772474355,5.494106891802951
52,1.7782794100389228,0.004888934659257011,0.022263993702789087,0.023681300231936785,4.5762200709502245,0.052179125198872245,1.0078754035992015,0.3701740730289999,4.612259650967724,4.5539560772474355,5.494106891802951
52,3.1622776601683795,0.007099407191174734,0.032330388523104325,0.03438851301574363,4.58628646577054,0.04889568368091289,0.9684591073371935,0.3718932895846239,4.441630896632789,4.5539560772474355,5.494106891802951
52,5.623413251903491,0.010088038114950872,0.04594048248108429,0.048865013750803404,4.59989655972852,0.045867204812527,0.9323789545308231,0.374254546097734,4.288846745309607,4.5539560772474355,5.494106891802951
52,10.0,0.014096288987427237,0.06419388090093037,0.0682804076825482,4.618149958148366,0.04329773759882971,0.9022303154140241,0.3774664339282179,4.166634893369462,4.5539560772474355,5.494106891802951
52,17.78279410038923,0.01944488599816071,0.08855115676270753,0.09418824660017205,4.642507234010143,0.04130810884392864,0.8796136382331163,0.3818136827427622,4.083612678631224,4.5539560772474355,5.494106891802951
52,31.622776601683793,0.02655469234204121,0.1209289025704745,0.12862713162424613,4.67488497981791,0.03996241867838984,0.8654507842788591,0.38768597526875215,4.045882872196869,4.5539560772474355,5.494106891802951
52,56.23413251903491,0.03596967393221157,0.16380431520020355,0.17423195583534856,4.717760392447639,0.03930332018139285,0.8604071400213312,0.3956172232284513,4.0591947265717865,4.5539560772474355,5.494106891802951
52,100.0,0.04837735945517016,0.22030837009205584,0.2343330098546085,4.774264447339491,0.039385794653349904,0.8652833448733912,0.40633847100427306,4.131091510304027,4.5539560772474355,5.494106891802951
52,177.82794100389228,0.06461216101303034,0.29424094330937933,0.3129720665598642,4.848197020556815,0.0403077584040815,0.8813358499444118,0.4208441693522516,4.2728898418104055,4.5539560772474355,5.494106891802951
52,316.22776601683796,0.08556349254946005,0.38965238688612924,0.4144573198826074,4.943608464133565,0.04223656747392093,0.9104637990691344,0.4404346860872519,4.500976543365375,4.5539560772474355,5.494106891802951
52,562.341325190349,0.11159045505898317,0.5081780309786632,0.5405282036785977,5.062134108226099,0.045400179494365894,0.9547345367563753,0.4664636873629182,4.832994262815891,4.5539560772474355,5.494106891802951
52,1000.0,0.1408133031383397,0.6412575975841275,0.6820795000718063,5.195213674831563,0.0499305136649768,1.0138409661747345,0.4990626853853043,5.267120451575424,4.5539560772474355,5.494106891802951
52,1778.2794100389228,0.16791508571329133,0.7646779250455671,0.8133566585347176,5.3186340022930025,0.05550855693546041,1.0810702598233175,0.5350827701918406,5.749817042764027,4.5539560772474355,5.494106891802951
52,3162.2776601683795,0.18742711912511303,0.8535348681807875,0.9078701576026627,5.407490945428223,0.06123376167360016,1.1443502674144321,0.5685771624639676,6.1880637094419075,4.5539560772474355,5.494106891802951
52,5623.413251903491,0.19835948639332615,0.9033203885405676,0.9608249810086474,5.457276465788003,0.06614182848270216,1.1942941072059476,0.5948884879273912,6.517593124484312,4.5539560772474355,5.494106891802951
52,10000.0,0.2033670872430246,0.9261247828624812,0.9850810832944228,5.480080860109917,0.0697759326934208,1.2288383596778618,0.6130567967620777,6.734133575039516,4.5539560772474355,5.494106891802951
