lambda,structure_size_x_max,structure_size_x_min,structure_size_y_max,structure_size_y_min,area
0.0,1.0,0.0,1.0,1.0,1.0
1e-05,1.0000689386128097,5.3613369061163456e-05,1.0000536126152042,0.9999999984244204,1.0001225549239934
2.1544346900318823e-05,1.000162518729077,0.0001454173874102511,1.0001454090308421,0.9999999891550224,1.00030795139161
4.641588833612782e-05,1.000362014824432,0.00034527273592289525,1.000345218529665,0.9999999399924365,1.0007073583283226
0.00010000000000000002,1.0008003467525943,0.0007927487079247618,1.0007924402654595,0.9999996852847025,1.0015934212450468
0.00021544346900318829,1.001712219007505,0.001697098218128147,1.0016956857284145,0.9999985594039486,1.0034108081212547
0.0004641588833612778,1.0036864678698372,0.00366589863588452,1.0036592781336446,0.9999932794555261,1.007359235814748
0.001,1.0079030282617631,0.00786107165955627,1.0078307417790973,0.9999690973500385,1.0157956566144508
0.002154434690031882,1.0168075422100034,0.016667099501104995,1.0165328116110457,0.999861054878065,1.0336182297500522
0.004641588833612777,1.0352179788178215,0.03459331755542972,1.0340364437809697,0.9994007621072243,1.0704531173549034
0.01,1.0717822958185683,0.06912676129617902,1.067074009393673,0.9975967051488903,1.1436710315962753
0.02154434690031882,1.1392767332348501,0.12877958459167935,1.122776333844599,0.9915338061272501,1.2791529537758761
0.04641588833612777,1.2502584573581663,0.2137731690241416,1.2027757566719026,0.9756800576228705,1.5037805620844138
0.09999999999999999,1.408067671438296,0.3007282078781097,1.2986709810446457,0.947040658201191,1.8286166242440216
0.21544346900318828,1.609817771695065,0.3499438421151853,1.3961498359346665,0.9135359761592011,2.247546817836776
0.46415888336127725,1.8621312015995064,0.3470599390700579,1.479116006275441,0.8849041415273816,2.7543080660707493
1.0,2.1794491374645495,0.31133946318346656,1.5367792841426864,0.8622319506747321,3.349332285298165
2.154434690031882,2.5769908785742746,0.2647795118728618,1.5693224743512173,0.8435429839556923,4.044129701944698
4.641588833612772,3.067675747895539,0.21915672755311585,1.5818720443176633,0.8270979396603015,4.852670506627234
10.0,3.6541346850405847,0.17913011635230222,1.5785463359330245,0.8110484052322817,5.76822091807659
21.544346900318825,4.304182777889673,0.14603024413980625,1.5586917105228564,0.7921494656553766,6.7088940164718744
46.415888336127736,4.894626942194073,0.11995738680302448,1.5136835483454925,0.764093561558044,7.408916277687773
100.0,5.266098937148953,0.10112731516805626,1.4454547349072937,0.7266176908785019,7.611907643192218
